model,feature_set,mmse_included,fold_idx,accuracy,auprc
Logistic Regression,All Features,True,0,0.6666666666666666,0.7440476190476191
Logistic Regression,All Features,True,1,0.9333333333333333,0.9682539682539681
Logistic Regression,All Features,True,2,0.6666666666666666,0.8520833333333333
Logistic Regression,All Features,True,3,0.6666666666666666,0.8477564102564104
Logistic Regression,All Features,True,4,0.8666666666666667,0.9415178571428571
Logistic Regression,All Features,True,5,0.8,0.9105519480519481
Logistic Regression,All Features,True,6,0.6,0.8711670274170275
Logistic Regression,All Features,True,7,0.8,0.9260416666666667
Logistic Regression,All Features,True,8,0.7333333333333333,0.8593073593073592
Logistic Regression,All Features,True,9,0.8666666666666667,0.9427083333333333
Logistic Regression,All Features,True,10,0.7333333333333333,0.7945054945054943
Logistic Regression,All Features,True,11,0.8,0.9404761904761902
Logistic Regression,All Features,True,12,0.6666666666666666,0.9144230769230769
Logistic Regression,All Features,True,13,1.0,1.0
Logistic Regression,All Features,True,14,0.8,0.9105519480519481
Logistic Regression,All Features,True,15,0.6666666666666666,0.8158119658119658
Logistic Regression,All Features,True,16,0.7333333333333333,1.0
Logistic Regression,All Features,True,17,0.6666666666666666,0.8545454545454545
Logistic Regression,All Features,True,18,0.8,0.8910714285714285
Logistic Regression,All Features,True,19,0.7333333333333333,0.8860479797979799
Logistic Regression,All Features,True,20,0.8,0.9404761904761902
Logistic Regression,All Features,True,21,0.6666666666666666,0.7279220779220779
Logistic Regression,All Features,True,22,0.8666666666666667,0.9704861111111112
Logistic Regression,All Features,True,23,0.7333333333333333,0.860454822954823
Logistic Regression,All Features,True,24,0.7333333333333333,0.9202741702741704
Logistic Regression,All Features,True,25,0.6,0.7962037962037962
Logistic Regression,All Features,True,26,0.6,0.7370535714285714
Logistic Regression,All Features,True,27,0.8666666666666667,0.975
Logistic Regression,All Features,True,28,0.6666666666666666,0.837202380952381
Logistic Regression,All Features,True,29,0.7333333333333333,0.874440836940837
Logistic Regression,All Features,True,30,0.7333333333333333,0.8516483516483515
Logistic Regression,All Features,True,31,0.8666666666666667,0.9404761904761902
Logistic Regression,All Features,True,32,0.5333333333333333,0.7958333333333334
Logistic Regression,All Features,True,33,0.7333333333333333,0.9526289682539683
Logistic Regression,All Features,True,34,0.7333333333333333,0.8356351981351982
Logistic Regression,All Features,True,35,0.9333333333333333,1.0
Logistic Regression,All Features,True,36,0.6666666666666666,0.7541666666666668
Logistic Regression,All Features,True,37,0.8666666666666667,0.9248511904761905
Logistic Regression,All Features,True,38,0.8666666666666667,0.928409090909091
Logistic Regression,All Features,True,39,0.7333333333333333,0.8752185314685315
Logistic Regression,All Features,True,40,0.6666666666666666,0.670439084724799
Logistic Regression,All Features,True,41,0.8666666666666667,0.9276437847866419
Logistic Regression,All Features,True,42,0.8,0.9659090909090909
Logistic Regression,All Features,True,43,0.8,0.928409090909091
Logistic Regression,All Features,True,44,0.7333333333333333,0.8685897435897436
Logistic Regression,All Features,True,45,1.0,1.0
Logistic Regression,All Features,True,46,0.6666666666666666,0.8237103174603175
Logistic Regression,All Features,True,47,0.6666666666666666,0.906795634920635
Logistic Regression,All Features,True,48,0.8,0.8895833333333334
Logistic Regression,All Features,True,49,0.8,0.8500457875457876
Logistic Regression,All Features,True,50,0.8666666666666667,0.9367346938775509
Logistic Regression,All Features,True,51,0.5333333333333333,0.6950636664922378
Logistic Regression,All Features,True,52,0.8666666666666667,0.9129464285714286
Logistic Regression,All Features,True,53,0.5333333333333333,0.7679268648018648
Logistic Regression,All Features,True,54,0.8666666666666667,0.9427083333333333
Logistic Regression,All Features,True,55,0.8666666666666667,0.9659090909090909
Logistic Regression,All Features,True,56,0.8666666666666667,0.8895833333333334
Logistic Regression,All Features,True,57,0.8666666666666667,0.9472222222222222
Logistic Regression,All Features,True,58,0.6666666666666666,0.743944597069597
Logistic Regression,All Features,True,59,0.7333333333333333,0.8217719780219781
Logistic Regression,All Features,True,60,0.7333333333333333,0.8044217687074828
Logistic Regression,All Features,True,61,0.7333333333333333,0.8976190476190475
Logistic Regression,All Features,True,62,0.6666666666666666,0.8375
Logistic Regression,All Features,True,63,0.7333333333333333,0.8729166666666667
Logistic Regression,All Features,True,64,0.9333333333333333,0.9861111111111112
Logistic Regression,All Features,True,65,0.6666666666666666,0.8571428571428572
Logistic Regression,All Features,True,66,0.7333333333333333,0.86875
Logistic Regression,All Features,True,67,0.7333333333333333,0.9089285714285714
Logistic Regression,All Features,True,68,0.8,0.9208333333333334
Logistic Regression,All Features,True,69,0.7333333333333333,0.8503787878787878
Logistic Regression,All Features,True,70,0.6666666666666666,0.767940392940393
Logistic Regression,All Features,True,71,0.8666666666666667,0.9081632653061225
Logistic Regression,All Features,True,72,0.6666666666666666,0.8628787878787878
Logistic Regression,All Features,True,73,0.8666666666666667,0.900974025974026
Logistic Regression,All Features,True,74,0.9333333333333333,1.0
Logistic Regression,All Features,True,75,0.9333333333333333,1.0
Logistic Regression,All Features,True,76,0.6666666666666666,0.7857142857142857
Logistic Regression,All Features,True,77,0.7333333333333333,0.9248511904761905
Logistic Regression,All Features,True,78,0.5333333333333333,0.7455357142857143
Logistic Regression,All Features,True,79,0.6666666666666666,0.8610479797979799
Logistic Regression,All Features,True,80,0.8,0.9004329004329004
Logistic Regression,All Features,True,81,0.8,0.9276437847866419
Logistic Regression,All Features,True,82,0.8,0.9362980769230769
Logistic Regression,All Features,True,83,0.6666666666666666,0.8370421245421246
Logistic Regression,All Features,True,84,0.7333333333333333,0.8665674603174602
Logistic Regression,All Features,True,85,0.7333333333333333,0.896565934065934
Logistic Regression,All Features,True,86,0.7333333333333333,0.8581730769230769
Logistic Regression,All Features,True,87,0.7333333333333333,0.8993055555555556
Logistic Regression,All Features,True,88,0.6666666666666666,0.8222222222222222
Logistic Regression,All Features,True,89,0.8,0.9659090909090909
Logistic Regression,All Features,True,90,0.7333333333333333,0.7877551020408162
Logistic Regression,All Features,True,91,0.7333333333333333,0.8353741496598639
Logistic Regression,All Features,True,92,0.7333333333333333,0.9208333333333334
Logistic Regression,All Features,True,93,0.8,0.9502840909090909
Logistic Regression,All Features,True,94,0.8666666666666667,0.928409090909091
Logistic Regression,All Features,True,95,0.9333333333333333,0.9526289682539683
Logistic Regression,All Features,True,96,0.6,0.6989583333333333
Logistic Regression,All Features,True,97,0.8,0.9583333333333333
Logistic Regression,All Features,True,98,0.9333333333333333,0.9464285714285714
Logistic Regression,All Features,True,99,0.6,0.6727182539682539
Logistic Regression,No MMSE,False,0,0.5333333333333333,0.598845598845599
Logistic Regression,No MMSE,False,1,0.7333333333333333,0.857142857142857
Logistic Regression,No MMSE,False,2,0.5333333333333333,0.7559523809523809
Logistic Regression,No MMSE,False,3,0.5333333333333333,0.789125457875458
Logistic Regression,No MMSE,False,4,0.8,0.9105519480519481
Logistic Regression,No MMSE,False,5,0.5333333333333333,0.7645042457542458
Logistic Regression,No MMSE,False,6,0.7333333333333333,0.9085317460317461
Logistic Regression,No MMSE,False,7,0.5333333333333333,0.587694597069597
Logistic Regression,No MMSE,False,8,0.7333333333333333,0.8799603174603174
Logistic Regression,No MMSE,False,9,0.7333333333333333,0.8357954545454546
Logistic Regression,No MMSE,False,10,0.4666666666666667,0.6968864468864469
Logistic Regression,No MMSE,False,11,0.7333333333333333,0.7953308596165738
Logistic Regression,No MMSE,False,12,0.6666666666666666,0.7778159340659341
Logistic Regression,No MMSE,False,13,0.6,0.8498397435897436
Logistic Regression,No MMSE,False,14,0.6,0.8179383116883117
Logistic Regression,No MMSE,False,15,0.6,0.8564685314685314
Logistic Regression,No MMSE,False,16,0.8666666666666667,0.9704861111111112
Logistic Regression,No MMSE,False,17,0.6,0.6402777777777777
Logistic Regression,No MMSE,False,18,0.4666666666666667,0.6793470418470419
Logistic Regression,No MMSE,False,19,0.6666666666666666,0.86875
Logistic Regression,No MMSE,False,20,0.6666666666666666,0.6910173160173161
Logistic Regression,No MMSE,False,21,0.4,0.5103785103785103
Logistic Regression,No MMSE,False,22,0.6666666666666666,0.8886113886113887
Logistic Regression,No MMSE,False,23,0.6666666666666666,0.6703869047619048
Logistic Regression,No MMSE,False,24,0.7333333333333333,0.8240079365079365
Logistic Regression,No MMSE,False,25,0.6,0.8301406926406927
Logistic Regression,No MMSE,False,26,0.5333333333333333,0.6819715007215007
Logistic Regression,No MMSE,False,27,0.7333333333333333,0.86875
Logistic Regression,No MMSE,False,28,0.6666666666666666,0.832521645021645
Logistic Regression,No MMSE,False,29,0.4,0.594284188034188
Logistic Regression,No MMSE,False,30,0.7333333333333333,0.8690476190476191
Logistic Regression,No MMSE,False,31,0.6666666666666666,0.716409780695495
Logistic Regression,No MMSE,False,32,0.7333333333333333,0.8671130952380952
Logistic Regression,No MMSE,False,33,0.6666666666666666,0.8510281385281385
Logistic Regression,No MMSE,False,34,0.8,0.8158119658119658
Logistic Regression,No MMSE,False,35,0.8,0.9202741702741704
Logistic Regression,No MMSE,False,36,0.4666666666666667,0.7339743589743589
Logistic Regression,No MMSE,False,37,0.4666666666666667,0.6080544455544455
Logistic Regression,No MMSE,False,38,0.4,0.6882215007215007
Logistic Regression,No MMSE,False,39,0.6,0.7645042457542458
Logistic Regression,No MMSE,False,40,0.5333333333333333,0.6157596371882086
Logistic Regression,No MMSE,False,41,0.6666666666666666,0.7932496075353217
Logistic Regression,No MMSE,False,42,0.6666666666666666,0.8702380952380953
Logistic Regression,No MMSE,False,43,0.5333333333333333,0.7452651515151515
Logistic Regression,No MMSE,False,44,0.6666666666666666,0.8373397435897436
Logistic Regression,No MMSE,False,45,0.6,0.7790990259740259
Logistic Regression,No MMSE,False,46,0.6666666666666666,0.7589285714285715
Logistic Regression,No MMSE,False,47,0.8,0.959375
Logistic Regression,No MMSE,False,48,0.6666666666666666,0.8235119047619048
Logistic Regression,No MMSE,False,49,0.4666666666666667,0.6081807081807082
Logistic Regression,No MMSE,False,50,0.6,0.8909090909090909
Logistic Regression,No MMSE,False,51,0.5333333333333333,0.5395081109366823
Logistic Regression,No MMSE,False,52,0.7333333333333333,0.8993055555555556
Logistic Regression,No MMSE,False,53,0.6,0.7762601981351981
Logistic Regression,No MMSE,False,54,0.7333333333333333,0.8474587912087912
Logistic Regression,No MMSE,False,55,0.6666666666666666,0.746771978021978
Logistic Regression,No MMSE,False,56,0.4666666666666667,0.7970508658008658
Logistic Regression,No MMSE,False,57,0.5333333333333333,0.7625811688311688
Logistic Regression,No MMSE,False,58,0.6666666666666666,0.7072781385281385
Logistic Regression,No MMSE,False,59,0.6,0.7370851370851371
Logistic Regression,No MMSE,False,60,0.6,0.8112554112554111
Logistic Regression,No MMSE,False,61,0.8,0.9617346938775508
Logistic Regression,No MMSE,False,62,0.4,0.6208333333333333
Logistic Regression,No MMSE,False,63,0.6666666666666666,0.8293851981351982
Logistic Regression,No MMSE,False,64,0.4666666666666667,0.6654963092463092
Logistic Regression,No MMSE,False,65,0.5333333333333333,0.6585279304029305
Logistic Regression,No MMSE,False,66,0.6,0.7632326007326008
Logistic Regression,No MMSE,False,67,0.8666666666666667,0.7269345238095238
Logistic Regression,No MMSE,False,68,0.6666666666666666,0.8203869047619048
Logistic Regression,No MMSE,False,69,0.6,0.7697781385281385
Logistic Regression,No MMSE,False,70,0.4666666666666667,0.5716862502576789
Logistic Regression,No MMSE,False,71,0.8,0.947845804988662
Logistic Regression,No MMSE,False,72,0.6666666666666666,0.7707656926406926
Logistic Regression,No MMSE,False,73,0.8666666666666667,0.9519230769230769
Logistic Regression,No MMSE,False,74,0.5333333333333333,0.6264423076923077
Logistic Regression,No MMSE,False,75,0.6666666666666666,0.8491883116883117
Logistic Regression,No MMSE,False,76,0.4,0.5230429292929293
Logistic Regression,No MMSE,False,77,0.6666666666666666,0.8757326007326007
Logistic Regression,No MMSE,False,78,0.6666666666666666,0.6059794372294373
Logistic Regression,No MMSE,False,79,0.7333333333333333,0.9472222222222222
Logistic Regression,No MMSE,False,80,0.6666666666666666,0.7871057513914657
Logistic Regression,No MMSE,False,81,0.6666666666666666,0.8468614718614718
Logistic Regression,No MMSE,False,82,0.8666666666666667,0.9427083333333333
Logistic Regression,No MMSE,False,83,0.5333333333333333,0.5929563492063492
Logistic Regression,No MMSE,False,84,0.6,0.7357142857142858
Logistic Regression,No MMSE,False,85,0.5333333333333333,0.8443452380952381
Logistic Regression,No MMSE,False,86,0.4666666666666667,0.5556013431013431
Logistic Regression,No MMSE,False,87,0.7333333333333333,0.8321810134310135
Logistic Regression,No MMSE,False,88,0.8,0.8644345238095238
Logistic Regression,No MMSE,False,89,0.6666666666666666,0.8104978354978355
Logistic Regression,No MMSE,False,90,0.5333333333333333,0.5523286237571952
Logistic Regression,No MMSE,False,91,0.6666666666666666,0.8636363636363635
Logistic Regression,No MMSE,False,92,0.6666666666666666,0.8340097402597402
Logistic Regression,No MMSE,False,93,0.7333333333333333,0.8040064102564103
Logistic Regression,No MMSE,False,94,0.7333333333333333,0.8120421245421245
Logistic Regression,No MMSE,False,95,0.7333333333333333,0.8897186147186147
Logistic Regression,No MMSE,False,96,0.5333333333333333,0.635349025974026
Logistic Regression,No MMSE,False,97,0.6,0.7927083333333333
Logistic Regression,No MMSE,False,98,0.7333333333333333,0.7599587912087913
Logistic Regression,No MMSE,False,99,0.6,0.6907127594627596
Logistic Regression,MRI Only,False,0,0.4,0.6533189033189033
Logistic Regression,MRI Only,False,1,0.7333333333333333,0.8833333333333333
Logistic Regression,MRI Only,False,2,0.6,0.8712121212121212
Logistic Regression,MRI Only,False,3,0.6666666666666666,0.6307921245421245
Logistic Regression,MRI Only,False,4,0.6666666666666666,0.6518554362304363
Logistic Regression,MRI Only,False,5,0.5333333333333333,0.5341540404040404
Logistic Regression,MRI Only,False,6,0.6666666666666666,0.732224025974026
Logistic Regression,MRI Only,False,7,0.6,0.6168154761904762
Logistic Regression,MRI Only,False,8,0.6,0.7205357142857143
Logistic Regression,MRI Only,False,9,0.5333333333333333,0.7729978354978355
Logistic Regression,MRI Only,False,10,0.6,0.6304945054945055
Logistic Regression,MRI Only,False,11,0.6666666666666666,0.5757326007326007
Logistic Regression,MRI Only,False,12,0.6,0.7656565656565657
Logistic Regression,MRI Only,False,13,0.6,0.8003787878787879
Logistic Regression,MRI Only,False,14,0.4,0.5736111111111111
Logistic Regression,MRI Only,False,15,0.7333333333333333,0.8571428571428572
Logistic Regression,MRI Only,False,16,0.7333333333333333,0.9062881562881563
Logistic Regression,MRI Only,False,17,0.4,0.5569180819180819
Logistic Regression,MRI Only,False,18,0.4666666666666667,0.5022095959595959
Logistic Regression,MRI Only,False,19,0.6666666666666666,0.7738906926406927
Logistic Regression,MRI Only,False,20,0.6,0.4835557299843014
Logistic Regression,MRI Only,False,21,0.3333333333333333,0.5873626373626374
Logistic Regression,MRI Only,False,22,0.6,0.7698613886113886
Logistic Regression,MRI Only,False,23,0.8,0.9159722222222222
Logistic Regression,MRI Only,False,24,0.6666666666666666,0.7698613886113886
Logistic Regression,MRI Only,False,25,0.6666666666666666,0.7656746031746032
Logistic Regression,MRI Only,False,26,0.5333333333333333,0.6566926129426129
Logistic Regression,MRI Only,False,27,0.6666666666666666,0.6628434065934066
Logistic Regression,MRI Only,False,28,0.5333333333333333,0.6433035714285714
Logistic Regression,MRI Only,False,29,0.4666666666666667,0.5097492784992785
Logistic Regression,MRI Only,False,30,0.6,0.7802197802197801
Logistic Regression,MRI Only,False,31,0.5333333333333333,0.6762515262515263
Logistic Regression,MRI Only,False,32,0.5333333333333333,0.6285037878787878
Logistic Regression,MRI Only,False,33,0.5333333333333333,0.6273809523809524
Logistic Regression,MRI Only,False,34,0.7333333333333333,0.8361492673992674
Logistic Regression,MRI Only,False,35,0.8,0.906795634920635
Logistic Regression,MRI Only,False,36,0.6,0.6330357142857144
Logistic Regression,MRI Only,False,37,0.4,0.4929029304029304
Logistic Regression,MRI Only,False,38,0.6,0.7656565656565657
Logistic Regression,MRI Only,False,39,0.6,0.6310515873015873
Logistic Regression,MRI Only,False,40,0.6666666666666666,0.7440476190476191
Logistic Regression,MRI Only,False,41,0.5333333333333333,0.5749389499389499
Logistic Regression,MRI Only,False,42,0.5333333333333333,0.6863296425796426
Logistic Regression,MRI Only,False,43,0.6666666666666666,0.9089285714285714
Logistic Regression,MRI Only,False,44,0.6666666666666666,0.7038961038961039
Logistic Regression,MRI Only,False,45,0.6,0.5919642857142857
Logistic Regression,MRI Only,False,46,0.5333333333333333,0.5808035714285714
Logistic Regression,MRI Only,False,47,0.5333333333333333,0.8008814102564102
Logistic Regression,MRI Only,False,48,0.6,0.6084821428571429
Logistic Regression,MRI Only,False,49,0.7333333333333333,0.7912087912087912
Logistic Regression,MRI Only,False,50,0.9333333333333333,0.9682539682539681
Logistic Regression,MRI Only,False,51,0.4,0.47148090005232857
Logistic Regression,MRI Only,False,52,0.6666666666666666,0.5803841991341991
Logistic Regression,MRI Only,False,53,0.5333333333333333,0.690304834054834
Logistic Regression,MRI Only,False,54,0.6666666666666666,0.8373397435897436
Logistic Regression,MRI Only,False,55,0.6666666666666666,0.6194264069264069
Logistic Regression,MRI Only,False,56,0.6666666666666666,0.6832656926406926
Logistic Regression,MRI Only,False,57,0.4666666666666667,0.6719065656565656
Logistic Regression,MRI Only,False,58,0.4666666666666667,0.7285984848484848
Logistic Regression,MRI Only,False,59,0.5333333333333333,0.6258814102564103
Logistic Regression,MRI Only,False,60,0.5333333333333333,0.6194400837257981
Logistic Regression,MRI Only,False,61,0.6666666666666666,0.6899659863945578
Logistic Regression,MRI Only,False,62,0.26666666666666666,0.45042006604506607
Logistic Regression,MRI Only,False,63,0.6666666666666666,0.6086767399267399
Logistic Regression,MRI Only,False,64,0.6666666666666666,0.6767857142857143
Logistic Regression,MRI Only,False,65,0.8,0.9105519480519481
Logistic Regression,MRI Only,False,66,0.6,0.7544642857142857
Logistic Regression,MRI Only,False,67,0.4666666666666667,0.6313034188034188
Logistic Regression,MRI Only,False,68,0.6666666666666666,0.6453754578754579
Logistic Regression,MRI Only,False,69,0.5333333333333333,0.7645042457542458
Logistic Regression,MRI Only,False,70,0.4666666666666667,0.539856968428397
Logistic Regression,MRI Only,False,71,0.4666666666666667,0.6803030303030302
Logistic Regression,MRI Only,False,72,0.6,0.6848415473415473
Logistic Regression,MRI Only,False,73,0.8,0.8413576007326008
Logistic Regression,MRI Only,False,74,0.4666666666666667,0.8271561771561772
Logistic Regression,MRI Only,False,75,0.5333333333333333,0.678125
Logistic Regression,MRI Only,False,76,0.5333333333333333,0.7225018037518037
Logistic Regression,MRI Only,False,77,0.5333333333333333,0.706022102897103
Logistic Regression,MRI Only,False,78,0.5333333333333333,0.5174565018315018
Logistic Regression,MRI Only,False,79,0.8,0.9241452991452992
Logistic Regression,MRI Only,False,80,0.8,0.9367346938775509
Logistic Regression,MRI Only,False,81,0.5333333333333333,0.5570655534941249
Logistic Regression,MRI Only,False,82,0.4666666666666667,0.7493933150183151
Logistic Regression,MRI Only,False,83,0.5333333333333333,0.7125811688311688
Logistic Regression,MRI Only,False,84,0.5333333333333333,0.6457656926406926
Logistic Regression,MRI Only,False,85,0.6666666666666666,0.8685897435897436
Logistic Regression,MRI Only,False,86,0.6,0.4721688034188034
Logistic Regression,MRI Only,False,87,0.6666666666666666,0.7030143467643467
Logistic Regression,MRI Only,False,88,0.5333333333333333,0.615728021978022
Logistic Regression,MRI Only,False,89,0.5333333333333333,0.4712533993783994
Logistic Regression,MRI Only,False,90,0.4,0.47655638012780865
Logistic Regression,MRI Only,False,91,0.5333333333333333,0.5919501133786848
Logistic Regression,MRI Only,False,92,0.6666666666666666,0.8647186147186148
Logistic Regression,MRI Only,False,93,0.7333333333333333,0.7293019480519481
Logistic Regression,MRI Only,False,94,0.5333333333333333,0.7356112637362637
Logistic Regression,MRI Only,False,95,0.6,0.7912087912087912
Logistic Regression,MRI Only,False,96,0.5333333333333333,0.5707993395493396
Logistic Regression,MRI Only,False,97,0.6,0.634271978021978
Logistic Regression,MRI Only,False,98,0.5333333333333333,0.6013625263625264
Logistic Regression,MRI Only,False,99,0.5333333333333333,0.5896645021645021
Logistic Regression,Demographics Only,False,0,0.4666666666666667,0.5898268398268398
Logistic Regression,Demographics Only,False,1,0.6666666666666666,0.6861721611721612
Logistic Regression,Demographics Only,False,2,0.5333333333333333,0.7225018037518037
Logistic Regression,Demographics Only,False,3,0.6666666666666666,0.747470238095238
Logistic Regression,Demographics Only,False,4,0.8,0.9007936507936508
Logistic Regression,Demographics Only,False,5,0.6666666666666666,0.7877185314685314
Logistic Regression,Demographics Only,False,6,0.7333333333333333,0.8073412698412699
Logistic Regression,Demographics Only,False,7,0.4666666666666667,0.44662698412698415
Logistic Regression,Demographics Only,False,8,0.6,0.8018127705627706
Logistic Regression,Demographics Only,False,9,0.6666666666666666,0.7656746031746032
Logistic Regression,Demographics Only,False,10,0.4666666666666667,0.6268398268398268
Logistic Regression,Demographics Only,False,11,0.6666666666666666,0.823469387755102
Logistic Regression,Demographics Only,False,12,0.6,0.6171092796092796
Logistic Regression,Demographics Only,False,13,0.5333333333333333,0.7239583333333333
Logistic Regression,Demographics Only,False,14,0.6,0.6753787878787878
Logistic Regression,Demographics Only,False,15,0.6666666666666666,0.6762601981351981
Logistic Regression,Demographics Only,False,16,0.7333333333333333,0.8227564102564103
Logistic Regression,Demographics Only,False,17,0.3333333333333333,0.5232909451659451
Logistic Regression,Demographics Only,False,18,0.6,0.7752976190476191
Logistic Regression,Demographics Only,False,19,0.8,0.8106150793650795
Logistic Regression,Demographics Only,False,20,0.6666666666666666,0.6099162742019885
Logistic Regression,Demographics Only,False,21,0.7333333333333333,0.5646781789638933
Logistic Regression,Demographics Only,False,22,0.6,0.8474587912087912
Logistic Regression,Demographics Only,False,23,0.6,0.6141369047619047
Logistic Regression,Demographics Only,False,24,0.7333333333333333,0.6800976800976801
Logistic Regression,Demographics Only,False,25,0.4,0.5622211122211122
Logistic Regression,Demographics Only,False,26,0.5333333333333333,0.7307921245421245
Logistic Regression,Demographics Only,False,27,0.7333333333333333,0.8452380952380952
Logistic Regression,Demographics Only,False,28,0.6666666666666666,0.7262601981351982
Logistic Regression,Demographics Only,False,29,0.4,0.5979818792318792
Logistic Regression,Demographics Only,False,30,0.8666666666666667,0.8486394557823129
Logistic Regression,Demographics Only,False,31,0.7333333333333333,0.704251700680272
Logistic Regression,Demographics Only,False,32,0.5333333333333333,0.5511904761904761
Logistic Regression,Demographics Only,False,33,0.6,0.6819264069264069
Logistic Regression,Demographics Only,False,34,0.6666666666666666,0.7524621212121213
Logistic Regression,Demographics Only,False,35,0.6,0.6509386446886447
Logistic Regression,Demographics Only,False,36,0.5333333333333333,0.5998473748473747
Logistic Regression,Demographics Only,False,37,0.3333333333333333,0.6610771173271173
Logistic Regression,Demographics Only,False,38,0.6666666666666666,0.8301406926406927
Logistic Regression,Demographics Only,False,39,0.5333333333333333,0.7300480769230769
Logistic Regression,Demographics Only,False,40,0.5333333333333333,0.5138115852401566
Logistic Regression,Demographics Only,False,41,0.6,0.7178571428571427
Logistic Regression,Demographics Only,False,42,0.6666666666666666,0.7033435314685315
Logistic Regression,Demographics Only,False,43,0.4666666666666667,0.6298076923076923
Logistic Regression,Demographics Only,False,44,0.5333333333333333,0.6216231684981685
Logistic Regression,Demographics Only,False,45,0.6666666666666666,0.8799603174603174
Logistic Regression,Demographics Only,False,46,0.6,0.7037087912087913
Logistic Regression,Demographics Only,False,47,0.6,0.7947781385281385
Logistic Regression,Demographics Only,False,48,0.6666666666666666,0.7495421245421245
Logistic Regression,Demographics Only,False,49,0.6,0.5737335581085581
Logistic Regression,Demographics Only,False,50,0.4666666666666667,0.5595238095238095
Logistic Regression,Demographics Only,False,51,0.4666666666666667,0.48412698412698413
Logistic Regression,Demographics Only,False,52,0.6666666666666666,0.7593614718614718
Logistic Regression,Demographics Only,False,53,0.6666666666666666,0.6935252247752248
Logistic Regression,Demographics Only,False,54,0.6666666666666666,0.8209145021645021
Logistic Regression,Demographics Only,False,55,0.6,0.6694444444444444
Logistic Regression,Demographics Only,False,56,0.7333333333333333,0.8752185314685315
Logistic Regression,Demographics Only,False,57,0.5333333333333333,0.5918154761904761
Logistic Regression,Demographics Only,False,58,0.8,0.6487959956709957
Logistic Regression,Demographics Only,False,59,0.6,0.7357142857142858
Logistic Regression,Demographics Only,False,60,0.4666666666666667,0.7575353218210361
Logistic Regression,Demographics Only,False,61,0.7333333333333333,0.7738095238095237
Logistic Regression,Demographics Only,False,62,0.6666666666666666,0.6571886446886447
Logistic Regression,Demographics Only,False,63,0.7333333333333333,0.8647186147186148
Logistic Regression,Demographics Only,False,64,0.4,0.5375270562770562
Logistic Regression,Demographics Only,False,65,0.4,0.5347485847485847
Logistic Regression,Demographics Only,False,66,0.6,0.6171092796092796
Logistic Regression,Demographics Only,False,67,0.8666666666666667,0.8986607142857143
Logistic Regression,Demographics Only,False,68,0.6666666666666666,0.7228375790875792
Logistic Regression,Demographics Only,False,69,0.6666666666666666,0.7557921245421245
Logistic Regression,Demographics Only,False,70,0.5333333333333333,0.6040293040293041
Logistic Regression,Demographics Only,False,71,0.7333333333333333,0.8429499072356215
Logistic Regression,Demographics Only,False,72,0.6666666666666666,0.6853375790875791
Logistic Regression,Demographics Only,False,73,0.8,0.9502840909090909
Logistic Regression,Demographics Only,False,74,0.4666666666666667,0.6882898351648352
Logistic Regression,Demographics Only,False,75,0.7333333333333333,0.7958333333333334
Logistic Regression,Demographics Only,False,76,0.26666666666666666,0.40671515984015977
Logistic Regression,Demographics Only,False,77,0.5333333333333333,0.6582656926406927
Logistic Regression,Demographics Only,False,78,0.5333333333333333,0.5629426129426129
Logistic Regression,Demographics Only,False,79,0.6666666666666666,0.755952380952381
Logistic Regression,Demographics Only,False,80,0.6,0.7099816849816849
Logistic Regression,Demographics Only,False,81,0.6,0.7155122655122654
Logistic Regression,Demographics Only,False,82,0.7333333333333333,0.8552579365079365
Logistic Regression,Demographics Only,False,83,0.3333333333333333,0.49845848595848596
Logistic Regression,Demographics Only,False,84,0.6666666666666666,0.5979978354978355
Logistic Regression,Demographics Only,False,85,0.4666666666666667,0.5529040404040404
Logistic Regression,Demographics Only,False,86,0.6,0.6500457875457875
Logistic Regression,Demographics Only,False,87,0.6,0.6327266483516484
Logistic Regression,Demographics Only,False,88,0.8666666666666667,0.8073412698412699
Logistic Regression,Demographics Only,False,89,0.6,0.8420454545454545
Logistic Regression,Demographics Only,False,90,0.5333333333333333,0.5366522366522366
Logistic Regression,Demographics Only,False,91,0.6,0.6654761904761903
Logistic Regression,Demographics Only,False,92,0.5333333333333333,0.6242334054834053
Logistic Regression,Demographics Only,False,93,0.5333333333333333,0.6199675324675324
Logistic Regression,Demographics Only,False,94,0.7333333333333333,0.8364448051948052
Logistic Regression,Demographics Only,False,95,0.7333333333333333,0.8240079365079365
Logistic Regression,Demographics Only,False,96,0.6,0.4832722832722833
Logistic Regression,Demographics Only,False,97,0.5333333333333333,0.8018127705627706
Logistic Regression,Demographics Only,False,98,0.6666666666666666,0.8751984126984127
Logistic Regression,Demographics Only,False,99,0.6666666666666666,0.5563988095238095
Random Forest,All Features,True,0,0.7333333333333333,0.7707792207792208
Random Forest,All Features,True,1,0.9333333333333333,0.9340659340659339
Random Forest,All Features,True,2,0.8,0.8522817460317461
Random Forest,All Features,True,3,0.7333333333333333,0.9241452991452992
Random Forest,All Features,True,4,0.8666666666666667,0.9583333333333333
Random Forest,All Features,True,5,0.6666666666666666,0.8170454545454545
Random Forest,All Features,True,6,0.6,0.8552579365079365
Random Forest,All Features,True,7,0.6666666666666666,0.9416666666666667
Random Forest,All Features,True,8,0.8,0.8717261904761905
Random Forest,All Features,True,9,0.8,0.9029761904761905
Random Forest,All Features,True,10,0.8,0.8642857142857143
Random Forest,All Features,True,11,0.9333333333333333,0.982142857142857
Random Forest,All Features,True,12,0.6,0.7912087912087912
Random Forest,All Features,True,13,0.8666666666666667,0.9861111111111112
Random Forest,All Features,True,14,0.8,0.9260416666666667
Random Forest,All Features,True,15,0.6,0.7957542457542458
Random Forest,All Features,True,16,0.7333333333333333,0.8328754578754579
Random Forest,All Features,True,17,0.7333333333333333,0.8462121212121212
Random Forest,All Features,True,18,0.7333333333333333,0.8375270562770563
Random Forest,All Features,True,19,0.7333333333333333,0.975
Random Forest,All Features,True,20,0.9333333333333333,0.9404761904761902
Random Forest,All Features,True,21,0.6666666666666666,0.765079365079365
Random Forest,All Features,True,22,0.8,0.9208333333333334
Random Forest,All Features,True,23,0.7333333333333333,0.8647186147186148
Random Forest,All Features,True,24,0.8,0.897159090909091
Random Forest,All Features,True,25,0.6,0.7807921245421245
Random Forest,All Features,True,26,0.7333333333333333,0.8110847485847485
Random Forest,All Features,True,27,0.8666666666666667,0.9362980769230769
Random Forest,All Features,True,28,0.7333333333333333,0.8717261904761905
Random Forest,All Features,True,29,0.7333333333333333,0.8318452380952381
Random Forest,All Features,True,30,0.8,0.9095238095238094
Random Forest,All Features,True,31,0.8,0.9367346938775509
Random Forest,All Features,True,32,0.5333333333333333,0.7729978354978355
Random Forest,All Features,True,33,0.7333333333333333,0.8649621212121212
Random Forest,All Features,True,34,0.7333333333333333,0.932426948051948
Random Forest,All Features,True,35,0.8,0.928409090909091
Random Forest,All Features,True,36,0.4666666666666667,0.6558035714285715
Random Forest,All Features,True,37,0.9333333333333333,1.0
Random Forest,All Features,True,38,0.7333333333333333,0.8387362637362638
Random Forest,All Features,True,39,0.7333333333333333,0.8752185314685315
Random Forest,All Features,True,40,0.6,0.6988095238095238
Random Forest,All Features,True,41,0.7333333333333333,0.9404761904761902
Random Forest,All Features,True,42,0.8,0.928409090909091
Random Forest,All Features,True,43,0.9333333333333333,0.9519230769230769
Random Forest,All Features,True,44,0.7333333333333333,0.9126984126984127
Random Forest,All Features,True,45,0.8,0.9861111111111112
Random Forest,All Features,True,46,0.6,0.7238553113553114
Random Forest,All Features,True,47,0.6666666666666666,0.9144230769230769
Random Forest,All Features,True,48,0.8,0.8545454545454545
Random Forest,All Features,True,49,0.7333333333333333,0.932426948051948
Random Forest,All Features,True,50,0.9333333333333333,0.9238095238095236
Random Forest,All Features,True,51,0.6666666666666666,0.7722222222222221
Random Forest,All Features,True,52,0.8666666666666667,0.9206845238095238
Random Forest,All Features,True,53,0.6666666666666666,0.7857954545454545
Random Forest,All Features,True,54,0.9333333333333333,1.0
Random Forest,All Features,True,55,0.8666666666666667,1.0
Random Forest,All Features,True,56,0.6666666666666666,0.8527243589743589
Random Forest,All Features,True,57,0.8666666666666667,0.9362980769230769
Random Forest,All Features,True,58,0.6,0.7787698412698412
Random Forest,All Features,True,59,0.5333333333333333,0.7759129759129759
Random Forest,All Features,True,60,0.7333333333333333,0.8809523809523809
Random Forest,All Features,True,61,0.7333333333333333,0.8517316017316017
Random Forest,All Features,True,62,0.6,0.7563034188034188
Random Forest,All Features,True,63,0.7333333333333333,0.8826388888888889
Random Forest,All Features,True,64,0.8666666666666667,0.9704861111111112
Random Forest,All Features,True,65,0.8666666666666667,0.8227678571428572
Random Forest,All Features,True,66,0.8,0.9293650793650794
Random Forest,All Features,True,67,0.8,0.9704861111111112
Random Forest,All Features,True,68,0.7333333333333333,0.8819826007326008
Random Forest,All Features,True,69,0.7333333333333333,0.8711670274170275
Random Forest,All Features,True,70,0.6,0.7484126984126984
Random Forest,All Features,True,71,0.9333333333333333,0.9480519480519478
Random Forest,All Features,True,72,0.6666666666666666,0.8318452380952381
Random Forest,All Features,True,73,0.7333333333333333,0.9081845238095239
Random Forest,All Features,True,74,0.8,0.9861111111111112
Random Forest,All Features,True,75,0.8666666666666667,0.959375
Random Forest,All Features,True,76,0.6666666666666666,0.8214743589743589
Random Forest,All Features,True,77,0.8,0.8886113886113887
Random Forest,All Features,True,78,0.5333333333333333,0.6772779304029304
Random Forest,All Features,True,79,0.7333333333333333,0.7939484126984128
Random Forest,All Features,True,80,0.8,0.9325396825396823
Random Forest,All Features,True,81,0.6666666666666666,0.8035714285714284
Random Forest,All Features,True,82,0.8666666666666667,0.9128787878787878
Random Forest,All Features,True,83,0.7333333333333333,0.8253787878787879
Random Forest,All Features,True,84,0.6666666666666666,0.8717261904761905
Random Forest,All Features,True,85,0.7333333333333333,0.9126984126984127
Random Forest,All Features,True,86,0.6666666666666666,0.837202380952381
Random Forest,All Features,True,87,0.8,0.9704861111111112
Random Forest,All Features,True,88,0.7333333333333333,0.8784722222222222
Random Forest,All Features,True,89,0.8,0.9659090909090909
Random Forest,All Features,True,90,0.8,0.8350649350649351
Random Forest,All Features,True,91,0.7333333333333333,0.7615646258503401
Random Forest,All Features,True,92,0.6666666666666666,0.928409090909091
Random Forest,All Features,True,93,0.9333333333333333,1.0
Random Forest,All Features,True,94,0.8,0.9208333333333334
Random Forest,All Features,True,95,0.9333333333333333,0.975
Random Forest,All Features,True,96,0.6666666666666666,0.7677083333333333
Random Forest,All Features,True,97,0.7333333333333333,0.928409090909091
Random Forest,All Features,True,98,0.8,0.9041666666666667
Random Forest,All Features,True,99,0.6666666666666666,0.7348484848484849
Random Forest,No MMSE,False,0,0.4666666666666667,0.526221397649969
Random Forest,No MMSE,False,1,0.7333333333333333,0.869130869130869
Random Forest,No MMSE,False,2,0.6666666666666666,0.8423076923076923
Random Forest,No MMSE,False,3,0.6666666666666666,0.7391254578754579
Random Forest,No MMSE,False,4,0.6,0.8003787878787879
Random Forest,No MMSE,False,5,0.6666666666666666,0.6854978354978355
Random Forest,No MMSE,False,6,0.8,0.6677579365079365
Random Forest,No MMSE,False,7,0.4666666666666667,0.4653235653235653
Random Forest,No MMSE,False,8,0.6666666666666666,0.8188311688311689
Random Forest,No MMSE,False,9,0.6,0.7673430735930736
Random Forest,No MMSE,False,10,0.6,0.7132962275819419
Random Forest,No MMSE,False,11,0.8666666666666667,0.9325396825396823
Random Forest,No MMSE,False,12,0.5333333333333333,0.5654647435897436
Random Forest,No MMSE,False,13,0.7333333333333333,0.8835317460317461
Random Forest,No MMSE,False,14,0.6666666666666666,0.9041666666666667
Random Forest,No MMSE,False,15,0.5333333333333333,0.7412087912087912
Random Forest,No MMSE,False,16,0.5333333333333333,0.8819826007326008
Random Forest,No MMSE,False,17,0.6,0.5787660256410256
Random Forest,No MMSE,False,18,0.3333333333333333,0.5432230963480963
Random Forest,No MMSE,False,19,0.8,0.9208333333333334
Random Forest,No MMSE,False,20,0.5333333333333333,0.788156288156288
Random Forest,No MMSE,False,21,0.6,0.4936507936507936
Random Forest,No MMSE,False,22,0.6666666666666666,0.7058035714285714
Random Forest,No MMSE,False,23,0.6666666666666666,0.6521645021645022
Random Forest,No MMSE,False,24,0.7333333333333333,0.8419642857142857
Random Forest,No MMSE,False,25,0.5333333333333333,0.7577380952380953
Random Forest,No MMSE,False,26,0.4,0.5547889610389609
Random Forest,No MMSE,False,27,0.8,0.8918650793650793
Random Forest,No MMSE,False,28,0.6666666666666666,0.8170100732600732
Random Forest,No MMSE,False,29,0.4,0.5205544455544455
Random Forest,No MMSE,False,30,0.8,0.7456305599162742
Random Forest,No MMSE,False,31,0.6666666666666666,0.7258503401360543
Random Forest,No MMSE,False,32,0.7333333333333333,0.8441287878787879
Random Forest,No MMSE,False,33,0.6,0.778021978021978
Random Forest,No MMSE,False,34,0.6666666666666666,0.8513257575757576
Random Forest,No MMSE,False,35,0.5333333333333333,0.7727564102564103
Random Forest,No MMSE,False,36,0.4666666666666667,0.5665938228438229
Random Forest,No MMSE,False,37,0.5333333333333333,0.6777514152514152
Random Forest,No MMSE,False,38,0.4,0.654694264069264
Random Forest,No MMSE,False,39,0.6,0.8235119047619048
Random Forest,No MMSE,False,40,0.5333333333333333,0.604251700680272
Random Forest,No MMSE,False,41,0.6,0.6590136054421769
Random Forest,No MMSE,False,42,0.6,0.7576704545454545
Random Forest,No MMSE,False,43,0.4666666666666667,0.6379426129426129
Random Forest,No MMSE,False,44,0.6,0.795673076923077
Random Forest,No MMSE,False,45,0.7333333333333333,0.7030143467643467
Random Forest,No MMSE,False,46,0.6666666666666666,0.7542478354978355
Random Forest,No MMSE,False,47,0.6,0.8503787878787878
Random Forest,No MMSE,False,48,0.5333333333333333,0.6298611111111111
Random Forest,No MMSE,False,49,0.6666666666666666,0.671474358974359
Random Forest,No MMSE,False,50,0.8,0.9200680272108843
Random Forest,No MMSE,False,51,0.6,0.7019230769230769
Random Forest,No MMSE,False,52,0.8,0.9159722222222222
Random Forest,No MMSE,False,53,0.6,0.7221688034188034
Random Forest,No MMSE,False,54,0.6,0.7550459956709956
Random Forest,No MMSE,False,55,0.7333333333333333,0.7632326007326008
Random Forest,No MMSE,False,56,0.5333333333333333,0.5864125457875458
Random Forest,No MMSE,False,57,0.4666666666666667,0.7026175213675214
Random Forest,No MMSE,False,58,0.5333333333333333,0.6453869047619047
Random Forest,No MMSE,False,59,0.4,0.5616258741258742
Random Forest,No MMSE,False,60,0.6666666666666666,0.6710884353741497
Random Forest,No MMSE,False,61,0.7333333333333333,0.8476190476190475
Random Forest,No MMSE,False,62,0.4,0.47189685314685315
Random Forest,No MMSE,False,63,0.8,0.857521645021645
Random Forest,No MMSE,False,64,0.6,0.6173430735930736
Random Forest,No MMSE,False,65,0.6666666666666666,0.6329184704184705
Random Forest,No MMSE,False,66,0.6,0.7274621212121213
Random Forest,No MMSE,False,67,0.7333333333333333,0.7217261904761906
Random Forest,No MMSE,False,68,0.6,0.711298076923077
Random Forest,No MMSE,False,69,0.7333333333333333,0.9126984126984127
Random Forest,No MMSE,False,70,0.5333333333333333,0.5477324263038549
Random Forest,No MMSE,False,71,0.8,0.8745421245421245
Random Forest,No MMSE,False,72,0.6666666666666666,0.7807921245421245
Random Forest,No MMSE,False,73,0.7333333333333333,0.896565934065934
Random Forest,No MMSE,False,74,0.6,0.5412518037518038
Random Forest,No MMSE,False,75,0.5333333333333333,0.6756944444444445
Random Forest,No MMSE,False,76,0.4666666666666667,0.49371600621600625
Random Forest,No MMSE,False,77,0.4666666666666667,0.6720508658008658
Random Forest,No MMSE,False,78,0.5333333333333333,0.6389204545454545
Random Forest,No MMSE,False,79,0.6666666666666666,0.7863553113553113
Random Forest,No MMSE,False,80,0.5333333333333333,0.6299010513296228
Random Forest,No MMSE,False,81,0.6,0.6749476713762428
Random Forest,No MMSE,False,82,0.6,0.7760416666666666
Random Forest,No MMSE,False,83,0.5333333333333333,0.5642857142857142
Random Forest,No MMSE,False,84,0.6666666666666666,0.7625000000000001
Random Forest,No MMSE,False,85,0.7333333333333333,0.7176948051948052
Random Forest,No MMSE,False,86,0.5333333333333333,0.6094020562770563
Random Forest,No MMSE,False,87,0.7333333333333333,0.9308035714285714
Random Forest,No MMSE,False,88,0.6,0.8491883116883117
Random Forest,No MMSE,False,89,0.5333333333333333,0.6870535714285714
Random Forest,No MMSE,False,90,0.6,0.6595238095238095
Random Forest,No MMSE,False,91,0.6,0.6834776334776334
Random Forest,No MMSE,False,92,0.6666666666666666,0.6938988095238096
Random Forest,No MMSE,False,93,0.8,0.9144230769230769
Random Forest,No MMSE,False,94,0.5333333333333333,0.7656565656565657
Random Forest,No MMSE,False,95,0.6666666666666666,0.9144230769230769
Random Forest,No MMSE,False,96,0.6,0.7919642857142857
Random Forest,No MMSE,False,97,0.5333333333333333,0.6457656926406926
Random Forest,No MMSE,False,98,0.5333333333333333,0.6556089743589744
Random Forest,No MMSE,False,99,0.5333333333333333,0.7705357142857143
Random Forest,MRI Only,False,0,0.6,0.5423469387755102
Random Forest,MRI Only,False,1,0.6666666666666666,0.7892857142857141
Random Forest,MRI Only,False,2,0.4666666666666667,0.627804834054834
Random Forest,MRI Only,False,3,0.6,0.7196314102564103
Random Forest,MRI Only,False,4,0.5333333333333333,0.4927398989898989
Random Forest,MRI Only,False,5,0.4666666666666667,0.6542929292929294
Random Forest,MRI Only,False,6,0.5333333333333333,0.7906249999999999
Random Forest,MRI Only,False,7,0.4666666666666667,0.6166132478632478
Random Forest,MRI Only,False,8,0.6666666666666666,0.7958333333333334
Random Forest,MRI Only,False,9,0.6,0.5563988095238094
Random Forest,MRI Only,False,10,0.5333333333333333,0.5518707482993196
Random Forest,MRI Only,False,11,0.8,0.8333333333333333
Random Forest,MRI Only,False,12,0.5333333333333333,0.541220238095238
Random Forest,MRI Only,False,13,0.6,0.6267857142857143
Random Forest,MRI Only,False,14,0.4666666666666667,0.6542929292929294
Random Forest,MRI Only,False,15,0.6666666666666666,0.6418154761904762
Random Forest,MRI Only,False,16,0.6,0.8048992673992674
Random Forest,MRI Only,False,17,0.5333333333333333,0.4710053835053835
Random Forest,MRI Only,False,18,0.4,0.5459325396825396
Random Forest,MRI Only,False,19,0.4666666666666667,0.6537660256410257
Random Forest,MRI Only,False,20,0.5333333333333333,0.4926046176046176
Random Forest,MRI Only,False,21,0.4,0.42412309912309915
Random Forest,MRI Only,False,22,0.4,0.5340277777777778
Random Forest,MRI Only,False,23,0.6,0.7169642857142857
Random Forest,MRI Only,False,24,0.6,0.7709145021645022
Random Forest,MRI Only,False,25,0.7333333333333333,0.8993055555555556
Random Forest,MRI Only,False,26,0.4,0.6021103896103897
Random Forest,MRI Only,False,27,0.6666666666666666,0.8886113886113887
Random Forest,MRI Only,False,28,0.6,0.6680021367521367
Random Forest,MRI Only,False,29,0.5333333333333333,0.6033466533466534
Random Forest,MRI Only,False,30,0.6666666666666666,0.625
Random Forest,MRI Only,False,31,0.5333333333333333,0.7151102865388579
Random Forest,MRI Only,False,32,0.6666666666666666,0.6685897435897437
Random Forest,MRI Only,False,33,0.6,0.6457972582972583
Random Forest,MRI Only,False,34,0.7333333333333333,0.8574862637362637
Random Forest,MRI Only,False,35,0.7333333333333333,0.829204822954823
Random Forest,MRI Only,False,36,0.4666666666666667,0.6265151515151515
Random Forest,MRI Only,False,37,0.6666666666666666,0.7205357142857143
Random Forest,MRI Only,False,38,0.4666666666666667,0.48943070818070816
Random Forest,MRI Only,False,39,0.5333333333333333,0.7329184704184704
Random Forest,MRI Only,False,40,0.5333333333333333,0.6895691609977324
Random Forest,MRI Only,False,41,0.6,0.4198678305821163
Random Forest,MRI Only,False,42,0.5333333333333333,0.6737065018315018
Random Forest,MRI Only,False,43,0.5333333333333333,0.5373473748473748
Random Forest,MRI Only,False,44,0.4666666666666667,0.6957993395493396
Random Forest,MRI Only,False,45,0.6666666666666666,0.7438311688311688
Random Forest,MRI Only,False,46,0.4666666666666667,0.6059981684981683
Random Forest,MRI Only,False,47,0.6666666666666666,0.5946886446886447
Random Forest,MRI Only,False,48,0.6,0.6880275974025973
Random Forest,MRI Only,False,49,0.6666666666666666,0.7978375790875791
Random Forest,MRI Only,False,50,0.8666666666666667,0.9093537414965986
Random Forest,MRI Only,False,51,0.5333333333333333,0.7155122655122654
Random Forest,MRI Only,False,52,0.4666666666666667,0.7225018037518037
Random Forest,MRI Only,False,53,0.4666666666666667,0.6666937229437229
Random Forest,MRI Only,False,54,0.6666666666666666,0.7600198412698412
Random Forest,MRI Only,False,55,0.6,0.5852994227994228
Random Forest,MRI Only,False,56,0.6666666666666666,0.6415990259740258
Random Forest,MRI Only,False,57,0.4666666666666667,0.6823232323232322
Random Forest,MRI Only,False,58,0.4,0.5375
Random Forest,MRI Only,False,59,0.5333333333333333,0.7313034188034188
Random Forest,MRI Only,False,60,0.5333333333333333,0.7053030303030303
Random Forest,MRI Only,False,61,0.8,0.68134484563056
Random Forest,MRI Only,False,62,0.2,0.42988677988677987
Random Forest,MRI Only,False,63,0.5333333333333333,0.6891369047619047
Random Forest,MRI Only,False,64,0.8,0.8865936147186148
Random Forest,MRI Only,False,65,0.8,0.7982503607503608
Random Forest,MRI Only,False,66,0.5333333333333333,0.780952380952381
Random Forest,MRI Only,False,67,0.4,0.5460279304029304
Random Forest,MRI Only,False,68,0.4666666666666667,0.6152514152514152
Random Forest,MRI Only,False,69,0.7333333333333333,0.7901785714285714
Random Forest,MRI Only,False,70,0.5333333333333333,0.6134310134310135
Random Forest,MRI Only,False,71,0.6666666666666666,0.7869880119880119
Random Forest,MRI Only,False,72,0.5333333333333333,0.5740460927960929
Random Forest,MRI Only,False,73,0.6666666666666666,0.7663690476190477
Random Forest,MRI Only,False,74,0.6,0.6329521173271173
Random Forest,MRI Only,False,75,0.5333333333333333,0.48364968364968364
Random Forest,MRI Only,False,76,0.4666666666666667,0.491765873015873
Random Forest,MRI Only,False,77,0.6,0.6750811688311689
Random Forest,MRI Only,False,78,0.6,0.5851190476190476
Random Forest,MRI Only,False,79,0.4,0.5637362637362637
Random Forest,MRI Only,False,80,0.6666666666666666,0.7115646258503401
Random Forest,MRI Only,False,81,0.6,0.7111721611721611
Random Forest,MRI Only,False,82,0.4666666666666667,0.6495851370851371
Random Forest,MRI Only,False,83,0.6,0.6534188034188034
Random Forest,MRI Only,False,84,0.5333333333333333,0.6673881673881673
Random Forest,MRI Only,False,85,0.6666666666666666,0.6516254578754579
Random Forest,MRI Only,False,86,0.4666666666666667,0.5944715007215007
Random Forest,MRI Only,False,87,0.6666666666666666,0.838474025974026
Random Forest,MRI Only,False,88,0.4666666666666667,0.6533008658008658
Random Forest,MRI Only,False,89,0.5333333333333333,0.5307230963480962
Random Forest,MRI Only,False,90,0.5333333333333333,0.5793960008245722
Random Forest,MRI Only,False,91,0.5333333333333333,0.6393166357452071
Random Forest,MRI Only,False,92,0.6666666666666666,0.7006764069264069
Random Forest,MRI Only,False,93,0.6666666666666666,0.7645042457542458
Random Forest,MRI Only,False,94,0.6,0.8051406926406927
Random Forest,MRI Only,False,95,0.6666666666666666,0.551508214008214
Random Forest,MRI Only,False,96,0.5333333333333333,0.6952266483516484
Random Forest,MRI Only,False,97,0.6,0.6489853896103897
Random Forest,MRI Only,False,98,0.4,0.5707528582528582
Random Forest,MRI Only,False,99,0.5333333333333333,0.7177083333333333
Random Forest,Demographics Only,False,0,0.4,0.481859410430839
Random Forest,Demographics Only,False,1,0.7333333333333333,0.7687074829931972
Random Forest,Demographics Only,False,2,0.6666666666666666,0.6751488095238095
Random Forest,Demographics Only,False,3,0.6,0.6457656926406926
Random Forest,Demographics Only,False,4,0.7333333333333333,0.9186507936507937
Random Forest,Demographics Only,False,5,0.7333333333333333,0.9526289682539683
Random Forest,Demographics Only,False,6,0.6666666666666666,0.7224587912087913
Random Forest,Demographics Only,False,7,0.3333333333333333,0.49381521256521255
Random Forest,Demographics Only,False,8,0.5333333333333333,0.6501803751803752
Random Forest,Demographics Only,False,9,0.5333333333333333,0.6910037878787878
Random Forest,Demographics Only,False,10,0.6666666666666666,0.555952380952381
Random Forest,Demographics Only,False,11,0.8,0.8843537414965985
Random Forest,Demographics Only,False,12,0.6,0.5179563492063491
Random Forest,Demographics Only,False,13,0.8,0.8928952991452992
Random Forest,Demographics Only,False,14,0.6666666666666666,0.851923076923077
Random Forest,Demographics Only,False,15,0.6666666666666666,0.5910374347874348
Random Forest,Demographics Only,False,16,0.5333333333333333,0.6310515873015873
Random Forest,Demographics Only,False,17,0.4,0.553021978021978
Random Forest,Demographics Only,False,18,0.4666666666666667,0.5630275974025974
Random Forest,Demographics Only,False,19,0.6666666666666666,0.7162087912087913
Random Forest,Demographics Only,False,20,0.6666666666666666,0.5639455782312925
Random Forest,Demographics Only,False,21,0.5333333333333333,0.5564102564102564
Random Forest,Demographics Only,False,22,0.6,0.8477564102564104
Random Forest,Demographics Only,False,23,0.5333333333333333,0.5588609307359307
Random Forest,Demographics Only,False,24,0.7333333333333333,0.7375811688311689
Random Forest,Demographics Only,False,25,0.4666666666666667,0.4868707681207682
Random Forest,Demographics Only,False,26,0.5333333333333333,0.5995421245421245
Random Forest,Demographics Only,False,27,0.7333333333333333,0.7529761904761906
Random Forest,Demographics Only,False,28,0.6666666666666666,0.5707656926406927
Random Forest,Demographics Only,False,29,0.4,0.5743783993783994
Random Forest,Demographics Only,False,30,0.5333333333333333,0.7183372183372183
Random Forest,Demographics Only,False,31,0.6666666666666666,0.5804421768707482
Random Forest,Demographics Only,False,32,0.6666666666666666,0.7304924242424242
Random Forest,Demographics Only,False,33,0.5333333333333333,0.6075396825396826
Random Forest,Demographics Only,False,34,0.6,0.7021645021645022
Random Forest,Demographics Only,False,35,0.6,0.5459821428571429
Random Forest,Demographics Only,False,36,0.4666666666666667,0.5464743589743589
Random Forest,Demographics Only,False,37,0.6,0.8764880952380952
Random Forest,Demographics Only,False,38,0.6,0.7592463092463093
Random Forest,Demographics Only,False,39,0.6666666666666666,0.7561709124209124
Random Forest,Demographics Only,False,40,0.5333333333333333,0.5063190777476492
Random Forest,Demographics Only,False,41,0.8,0.9214285714285713
Random Forest,Demographics Only,False,42,0.6666666666666666,0.5957656926406927
Random Forest,Demographics Only,False,43,0.4666666666666667,0.6060973748473748
Random Forest,Demographics Only,False,44,0.6,0.5353556166056166
Random Forest,Demographics Only,False,45,0.5333333333333333,0.6752185314685315
Random Forest,Demographics Only,False,46,0.6666666666666666,0.8459145021645021
Random Forest,Demographics Only,False,47,0.4666666666666667,0.7232871295371295
Random Forest,Demographics Only,False,48,0.6,0.5860930735930735
Random Forest,Demographics Only,False,49,0.7333333333333333,0.5926053113553114
Random Forest,Demographics Only,False,50,0.5333333333333333,0.48012860155717296
Random Forest,Demographics Only,False,51,0.6,0.5862554112554113
Random Forest,Demographics Only,False,52,0.8,0.6739448051948053
Random Forest,Demographics Only,False,53,0.6666666666666666,0.7455357142857143
Random Forest,Demographics Only,False,54,0.6,0.5915990259740259
Random Forest,Demographics Only,False,55,0.6,0.6978490259740259
Random Forest,Demographics Only,False,56,0.6666666666666666,0.7116768648018649
Random Forest,Demographics Only,False,57,0.5333333333333333,0.642227910977911
Random Forest,Demographics Only,False,58,0.6666666666666666,0.6870535714285714
Random Forest,Demographics Only,False,59,0.6,0.641693722943723
Random Forest,Demographics Only,False,60,0.6,0.6137755102040816
Random Forest,Demographics Only,False,61,0.6666666666666666,0.7447802197802198
Random Forest,Demographics Only,False,62,0.4666666666666667,0.690304834054834
Random Forest,Demographics Only,False,63,0.7333333333333333,0.7939484126984128
Random Forest,Demographics Only,False,64,0.5333333333333333,0.5624323593073592
Random Forest,Demographics Only,False,65,0.4,0.5776973026973027
Random Forest,Demographics Only,False,66,0.4666666666666667,0.5216006216006216
Random Forest,Demographics Only,False,67,0.8666666666666667,0.8674107142857143
Random Forest,Demographics Only,False,68,0.4666666666666667,0.6938988095238094
Random Forest,Demographics Only,False,69,0.7333333333333333,0.6746031746031745
Random Forest,Demographics Only,False,70,0.6,0.6137755102040816
Random Forest,Demographics Only,False,71,0.6666666666666666,0.644083694083694
Random Forest,Demographics Only,False,72,0.5333333333333333,0.7257215007215007
Random Forest,Demographics Only,False,73,0.7333333333333333,0.8388888888888889
Random Forest,Demographics Only,False,74,0.6666666666666666,0.7589285714285715
Random Forest,Demographics Only,False,75,0.5333333333333333,0.6647095959595959
Random Forest,Demographics Only,False,76,0.4,0.4954521173271173
Random Forest,Demographics Only,False,77,0.5333333333333333,0.5248473748473749
Random Forest,Demographics Only,False,78,0.6666666666666666,0.5953754578754579
Random Forest,Demographics Only,False,79,0.6666666666666666,0.7564685314685315
Random Forest,Demographics Only,False,80,0.3333333333333333,0.5161695447409733
Random Forest,Demographics Only,False,81,0.6,0.7299628942486085
Random Forest,Demographics Only,False,82,0.8,0.9184409340659341
Random Forest,Demographics Only,False,83,0.3333333333333333,0.4713480963480963
Random Forest,Demographics Only,False,84,0.7333333333333333,0.6997023809523809
Random Forest,Demographics Only,False,85,0.6666666666666666,0.5781565656565656
Random Forest,Demographics Only,False,86,0.6,0.671474358974359
Random Forest,Demographics Only,False,87,0.6666666666666666,0.9305555555555556
Random Forest,Demographics Only,False,88,0.6666666666666666,0.7719246031746031
Random Forest,Demographics Only,False,89,0.6,0.7217261904761906
Random Forest,Demographics Only,False,90,0.6666666666666666,0.6520408163265305
Random Forest,Demographics Only,False,91,0.6,0.657065553494125
Random Forest,Demographics Only,False,92,0.6,0.5808035714285714
Random Forest,Demographics Only,False,93,0.7333333333333333,0.5883814102564102
Random Forest,Demographics Only,False,94,0.5333333333333333,0.7493933150183151
Random Forest,Demographics Only,False,95,0.7333333333333333,0.9186507936507937
Random Forest,Demographics Only,False,96,0.5333333333333333,0.5211510711510711
Random Forest,Demographics Only,False,97,0.6,0.7354978354978354
Random Forest,Demographics Only,False,98,0.4666666666666667,0.7355654761904762
Random Forest,Demographics Only,False,99,0.6666666666666666,0.6793612637362637
Gradient Boosting,All Features,True,0,0.7333333333333333,0.7523809523809524
Gradient Boosting,All Features,True,1,0.8666666666666667,0.9480519480519478
Gradient Boosting,All Features,True,2,0.8666666666666667,0.8413576007326008
Gradient Boosting,All Features,True,3,0.8,0.9144230769230769
Gradient Boosting,All Features,True,4,0.8,0.8860479797979799
Gradient Boosting,All Features,True,5,0.5333333333333333,0.731784188034188
Gradient Boosting,All Features,True,6,0.4,0.6937160062160063
Gradient Boosting,All Features,True,7,0.7333333333333333,0.9416666666666667
Gradient Boosting,All Features,True,8,0.7333333333333333,0.8423076923076923
Gradient Boosting,All Features,True,9,0.7333333333333333,0.856845238095238
Gradient Boosting,All Features,True,10,0.7333333333333333,0.8333333333333333
Gradient Boosting,All Features,True,11,0.8,0.947845804988662
Gradient Boosting,All Features,True,12,0.5333333333333333,0.8072916666666666
Gradient Boosting,All Features,True,13,0.7333333333333333,0.8895833333333334
Gradient Boosting,All Features,True,14,0.6666666666666666,0.8962121212121212
Gradient Boosting,All Features,True,15,0.6666666666666666,0.7778159340659341
Gradient Boosting,All Features,True,16,0.7333333333333333,0.8951388888888889
Gradient Boosting,All Features,True,17,0.7333333333333333,0.8729166666666667
Gradient Boosting,All Features,True,18,0.6666666666666666,0.7958333333333334
Gradient Boosting,All Features,True,19,0.7333333333333333,0.8290064102564103
Gradient Boosting,All Features,True,20,0.8666666666666667,0.9285714285714284
Gradient Boosting,All Features,True,21,0.6,0.7953823953823953
Gradient Boosting,All Features,True,22,0.7333333333333333,0.8816287878787878
Gradient Boosting,All Features,True,23,0.7333333333333333,0.8293851981351982
Gradient Boosting,All Features,True,24,0.7333333333333333,0.9128787878787878
Gradient Boosting,All Features,True,25,0.6666666666666666,0.656547619047619
Gradient Boosting,All Features,True,26,0.6666666666666666,0.7912087912087913
Gradient Boosting,All Features,True,27,0.8,0.9064685314685315
Gradient Boosting,All Features,True,28,0.6666666666666666,0.8479166666666667
Gradient Boosting,All Features,True,29,0.6666666666666666,0.8711670274170275
Gradient Boosting,All Features,True,30,0.7333333333333333,0.8347247990105133
Gradient Boosting,All Features,True,31,0.8,0.9238095238095236
Gradient Boosting,All Features,True,32,0.5333333333333333,0.7336309523809524
Gradient Boosting,All Features,True,33,0.7333333333333333,0.9041666666666667
Gradient Boosting,All Features,True,34,0.7333333333333333,0.8776785714285714
Gradient Boosting,All Features,True,35,0.7333333333333333,0.9128787878787878
Gradient Boosting,All Features,True,36,0.7333333333333333,0.6666666666666667
Gradient Boosting,All Features,True,37,0.8,0.9861111111111112
Gradient Boosting,All Features,True,38,0.6666666666666666,0.8235119047619048
Gradient Boosting,All Features,True,39,0.8,0.9308035714285714
Gradient Boosting,All Features,True,40,0.6666666666666666,0.640018315018315
Gradient Boosting,All Features,True,41,0.7333333333333333,0.9285714285714284
Gradient Boosting,All Features,True,42,0.6666666666666666,0.9128787878787878
Gradient Boosting,All Features,True,43,0.6666666666666666,0.9041666666666667
Gradient Boosting,All Features,True,44,0.7333333333333333,0.8776785714285714
Gradient Boosting,All Features,True,45,0.8,1.0
Gradient Boosting,All Features,True,46,0.6666666666666666,0.719047619047619
Gradient Boosting,All Features,True,47,0.6,0.7503434065934066
Gradient Boosting,All Features,True,48,0.7333333333333333,0.8741883116883117
Gradient Boosting,All Features,True,49,0.6,0.7656520562770562
Gradient Boosting,All Features,True,50,0.7333333333333333,0.9285714285714284
Gradient Boosting,All Features,True,51,0.6666666666666666,0.6998556998556997
Gradient Boosting,All Features,True,52,0.7333333333333333,0.9040178571428572
Gradient Boosting,All Features,True,53,0.4666666666666667,0.6838945776445777
Gradient Boosting,All Features,True,54,0.7333333333333333,0.9502840909090909
Gradient Boosting,All Features,True,55,0.7333333333333333,0.9659090909090909
Gradient Boosting,All Features,True,56,0.6,0.8214743589743589
Gradient Boosting,All Features,True,57,0.7333333333333333,0.9381313131313131
Gradient Boosting,All Features,True,58,0.6666666666666666,0.712202380952381
Gradient Boosting,All Features,True,59,0.5333333333333333,0.7532925407925408
Gradient Boosting,All Features,True,60,0.8,0.9034013605442175
Gradient Boosting,All Features,True,61,0.7333333333333333,0.7745421245421245
Gradient Boosting,All Features,True,62,0.6,0.7958333333333334
Gradient Boosting,All Features,True,63,0.7333333333333333,0.8791666666666667
Gradient Boosting,All Features,True,64,0.8,0.9659090909090909
Gradient Boosting,All Features,True,65,0.6666666666666666,0.6899621212121213
Gradient Boosting,All Features,True,66,0.6,0.8791666666666667
Gradient Boosting,All Features,True,67,0.6,0.8110847485847485
Gradient Boosting,All Features,True,68,0.8,0.9129464285714286
Gradient Boosting,All Features,True,69,0.7333333333333333,0.851923076923077
Gradient Boosting,All Features,True,70,0.6666666666666666,0.8083333333333331
Gradient Boosting,All Features,True,71,0.8666666666666667,0.9081632653061225
Gradient Boosting,All Features,True,72,0.6666666666666666,0.6837121212121212
Gradient Boosting,All Features,True,73,0.7333333333333333,0.896565934065934
Gradient Boosting,All Features,True,74,0.8666666666666667,1.0
Gradient Boosting,All Features,True,75,0.8,0.9519230769230769
Gradient Boosting,All Features,True,76,0.6,0.8160037878787878
Gradient Boosting,All Features,True,77,0.7333333333333333,0.9427083333333333
Gradient Boosting,All Features,True,78,0.6,0.7510416666666666
Gradient Boosting,All Features,True,79,0.6,0.6979166666666667
Gradient Boosting,All Features,True,80,0.6666666666666666,0.8917233560090703
Gradient Boosting,All Features,True,81,0.5333333333333333,0.7403929403929403
Gradient Boosting,All Features,True,82,0.8,0.9381313131313131
Gradient Boosting,All Features,True,83,0.7333333333333333,0.8479166666666667
Gradient Boosting,All Features,True,84,0.7333333333333333,0.8404761904761905
Gradient Boosting,All Features,True,85,0.6666666666666666,0.8498397435897436
Gradient Boosting,All Features,True,86,0.6666666666666666,0.7914418914418915
Gradient Boosting,All Features,True,87,0.9333333333333333,0.9861111111111112
Gradient Boosting,All Features,True,88,0.6,0.6780573593073593
Gradient Boosting,All Features,True,89,0.8666666666666667,0.9519230769230769
Gradient Boosting,All Features,True,90,0.7333333333333333,0.8642857142857143
Gradient Boosting,All Features,True,91,0.6666666666666666,0.6622972265829408
Gradient Boosting,All Features,True,92,0.7333333333333333,0.9186507936507937
Gradient Boosting,All Features,True,93,0.8666666666666667,0.9704861111111112
Gradient Boosting,All Features,True,94,0.7333333333333333,0.8221882284382285
Gradient Boosting,All Features,True,95,0.8666666666666667,0.9704861111111112
Gradient Boosting,All Features,True,96,0.6,0.6509386446886447
Gradient Boosting,All Features,True,97,0.6,0.8943452380952381
Gradient Boosting,All Features,True,98,0.8,0.9138888888888889
Gradient Boosting,All Features,True,99,0.6,0.7081807081807081
Gradient Boosting,No MMSE,False,0,0.4666666666666667,0.5333333333333333
Gradient Boosting,No MMSE,False,1,0.6666666666666666,0.7527734170591314
Gradient Boosting,No MMSE,False,2,0.6,0.7080357142857143
Gradient Boosting,No MMSE,False,3,0.4666666666666667,0.7355429292929292
Gradient Boosting,No MMSE,False,4,0.7333333333333333,0.7708333333333334
Gradient Boosting,No MMSE,False,5,0.4666666666666667,0.7407127594627595
Gradient Boosting,No MMSE,False,6,0.5333333333333333,0.5998015873015873
Gradient Boosting,No MMSE,False,7,0.4666666666666667,0.6120535714285713
Gradient Boosting,No MMSE,False,8,0.5333333333333333,0.8152597402597402
Gradient Boosting,No MMSE,False,9,0.4,0.7387362637362637
Gradient Boosting,No MMSE,False,10,0.6666666666666666,0.6239229024943311
Gradient Boosting,No MMSE,False,11,0.7333333333333333,0.8806122448979592
Gradient Boosting,No MMSE,False,12,0.5333333333333333,0.5239125457875458
Gradient Boosting,No MMSE,False,13,0.6,0.7724702380952381
Gradient Boosting,No MMSE,False,14,0.6,0.7357954545454546
Gradient Boosting,No MMSE,False,15,0.6,0.730952380952381
Gradient Boosting,No MMSE,False,16,0.6666666666666666,0.812202380952381
Gradient Boosting,No MMSE,False,17,0.6,0.5346230158730159
Gradient Boosting,No MMSE,False,18,0.4,0.43543851981351983
Gradient Boosting,No MMSE,False,19,0.6,0.6270156926406926
Gradient Boosting,No MMSE,False,20,0.3333333333333333,0.6071119356833643
Gradient Boosting,No MMSE,False,21,0.4666666666666667,0.43840881340881344
Gradient Boosting,No MMSE,False,22,0.6666666666666666,0.6202266483516483
Gradient Boosting,No MMSE,False,23,0.6666666666666666,0.6628434065934066
Gradient Boosting,No MMSE,False,24,0.7333333333333333,0.6767857142857143
Gradient Boosting,No MMSE,False,25,0.5333333333333333,0.7433764152514153
Gradient Boosting,No MMSE,False,26,0.5333333333333333,0.5514423076923076
Gradient Boosting,No MMSE,False,27,0.6,0.8023809523809524
Gradient Boosting,No MMSE,False,28,0.6,0.7732600732600733
Gradient Boosting,No MMSE,False,29,0.4,0.5021561771561771
Gradient Boosting,No MMSE,False,30,0.5333333333333333,0.4863945578231292
Gradient Boosting,No MMSE,False,31,0.7333333333333333,0.6091836734693878
Gradient Boosting,No MMSE,False,32,0.4666666666666667,0.6975018037518038
Gradient Boosting,No MMSE,False,33,0.6666666666666666,0.780952380952381
Gradient Boosting,No MMSE,False,34,0.6,0.7279647435897436
Gradient Boosting,No MMSE,False,35,0.4,0.6670673076923077
Gradient Boosting,No MMSE,False,36,0.4666666666666667,0.7493589743589744
Gradient Boosting,No MMSE,False,37,0.4666666666666667,0.6241799866799866
Gradient Boosting,No MMSE,False,38,0.3333333333333333,0.5801819708069709
Gradient Boosting,No MMSE,False,39,0.6666666666666666,0.6880275974025973
Gradient Boosting,No MMSE,False,40,0.5333333333333333,0.6418581418581418
Gradient Boosting,No MMSE,False,41,0.6,0.770439084724799
Gradient Boosting,No MMSE,False,42,0.6666666666666666,0.7374209124209123
Gradient Boosting,No MMSE,False,43,0.5333333333333333,0.49439865689865686
Gradient Boosting,No MMSE,False,44,0.7333333333333333,0.84375
Gradient Boosting,No MMSE,False,45,0.7333333333333333,0.653720238095238
Gradient Boosting,No MMSE,False,46,0.6666666666666666,0.8112980769230769
Gradient Boosting,No MMSE,False,47,0.4,0.513095238095238
Gradient Boosting,No MMSE,False,48,0.6666666666666666,0.7842261904761905
Gradient Boosting,No MMSE,False,49,0.4,0.5015564296814297
Gradient Boosting,No MMSE,False,50,0.8,0.8357142857142856
Gradient Boosting,No MMSE,False,51,0.6666666666666666,0.6449812092669235
Gradient Boosting,No MMSE,False,52,0.6,0.7927083333333333
Gradient Boosting,No MMSE,False,53,0.6,0.6370535714285714
Gradient Boosting,No MMSE,False,54,0.5333333333333333,0.6094020562770563
Gradient Boosting,No MMSE,False,55,0.6,0.6684523809523809
Gradient Boosting,No MMSE,False,56,0.4666666666666667,0.5074134199134199
Gradient Boosting,No MMSE,False,57,0.4666666666666667,0.6993933150183151
Gradient Boosting,No MMSE,False,58,0.6,0.6571314102564103
Gradient Boosting,No MMSE,False,59,0.4,0.5407925407925407
Gradient Boosting,No MMSE,False,60,0.5333333333333333,0.6948979591836735
Gradient Boosting,No MMSE,False,61,0.6,0.7566326530612244
Gradient Boosting,No MMSE,False,62,0.3333333333333333,0.5415404040404039
Gradient Boosting,No MMSE,False,63,0.6666666666666666,0.8262362637362637
Gradient Boosting,No MMSE,False,64,0.7333333333333333,0.625297619047619
Gradient Boosting,No MMSE,False,65,0.4666666666666667,0.6035984848484848
Gradient Boosting,No MMSE,False,66,0.4666666666666667,0.655529193029193
Gradient Boosting,No MMSE,False,67,0.3333333333333333,0.44669982794982793
Gradient Boosting,No MMSE,False,68,0.6,0.5714015151515152
Gradient Boosting,No MMSE,False,69,0.6,0.8096590909090909
Gradient Boosting,No MMSE,False,70,0.7333333333333333,0.7353741496598638
Gradient Boosting,No MMSE,False,71,0.6,0.7933982683982683
Gradient Boosting,No MMSE,False,72,0.6,0.7929268648018648
Gradient Boosting,No MMSE,False,73,0.7333333333333333,0.8491883116883117
Gradient Boosting,No MMSE,False,74,0.4666666666666667,0.5688762626262627
Gradient Boosting,No MMSE,False,75,0.4666666666666667,0.7646561771561772
Gradient Boosting,No MMSE,False,76,0.4666666666666667,0.5264766483516483
Gradient Boosting,No MMSE,False,77,0.5333333333333333,0.6397321428571429
Gradient Boosting,No MMSE,False,78,0.6,0.6120806277056277
Gradient Boosting,No MMSE,False,79,0.6,0.6376803751803752
Gradient Boosting,No MMSE,False,80,0.4,0.49167974882260596
Gradient Boosting,No MMSE,False,81,0.6,0.6023286237571952
Gradient Boosting,No MMSE,False,82,0.6666666666666666,0.8179383116883117
Gradient Boosting,No MMSE,False,83,0.4666666666666667,0.47794982794982793
Gradient Boosting,No MMSE,False,84,0.6666666666666666,0.8374999999999999
Gradient Boosting,No MMSE,False,85,0.6666666666666666,0.5395156926406927
Gradient Boosting,No MMSE,False,86,0.4,0.45265151515151514
Gradient Boosting,No MMSE,False,87,0.7333333333333333,0.8366529304029304
Gradient Boosting,No MMSE,False,88,0.5333333333333333,0.8328754578754579
Gradient Boosting,No MMSE,False,89,0.6666666666666666,0.7342147435897436
Gradient Boosting,No MMSE,False,90,0.5333333333333333,0.6452380952380953
Gradient Boosting,No MMSE,False,91,0.6666666666666666,0.6994897959183672
Gradient Boosting,No MMSE,False,92,0.6666666666666666,0.7688311688311689
Gradient Boosting,No MMSE,False,93,0.6666666666666666,0.8155143467643468
Gradient Boosting,No MMSE,False,94,0.4,0.6374736374736375
Gradient Boosting,No MMSE,False,95,0.5333333333333333,0.7423430735930736
Gradient Boosting,No MMSE,False,96,0.4666666666666667,0.7124999999999999
Gradient Boosting,No MMSE,False,97,0.4666666666666667,0.6139159451659452
Gradient Boosting,No MMSE,False,98,0.3333333333333333,0.464556277056277
Gradient Boosting,No MMSE,False,99,0.6,0.6917395104895105
Gradient Boosting,MRI Only,False,0,0.6,0.45560788417931275
Gradient Boosting,MRI Only,False,1,0.6666666666666666,0.6523500309214594
Gradient Boosting,MRI Only,False,2,0.4666666666666667,0.5563228438228438
Gradient Boosting,MRI Only,False,3,0.3333333333333333,0.569490231990232
Gradient Boosting,MRI Only,False,4,0.4666666666666667,0.4992521367521367
Gradient Boosting,MRI Only,False,5,0.6,0.8163690476190476
Gradient Boosting,MRI Only,False,6,0.5333333333333333,0.5835279304029304
Gradient Boosting,MRI Only,False,7,0.4666666666666667,0.5284722222222222
Gradient Boosting,MRI Only,False,8,0.7333333333333333,0.8270833333333334
Gradient Boosting,MRI Only,False,9,0.4666666666666667,0.5131944444444444
Gradient Boosting,MRI Only,False,10,0.5333333333333333,0.534157905586477
Gradient Boosting,MRI Only,False,11,0.5333333333333333,0.7749999999999999
Gradient Boosting,MRI Only,False,12,0.4666666666666667,0.6001945970695971
Gradient Boosting,MRI Only,False,13,0.6666666666666666,0.7398809523809524
Gradient Boosting,MRI Only,False,14,0.4666666666666667,0.6600160256410256
Gradient Boosting,MRI Only,False,15,0.6,0.6923881673881673
Gradient Boosting,MRI Only,False,16,0.5333333333333333,0.6006944444444444
Gradient Boosting,MRI Only,False,17,0.5333333333333333,0.6266369047619047
Gradient Boosting,MRI Only,False,18,0.6,0.5618933150183151
Gradient Boosting,MRI Only,False,19,0.5333333333333333,0.5677301864801865
Gradient Boosting,MRI Only,False,20,0.5333333333333333,0.4664141414141415
Gradient Boosting,MRI Only,False,21,0.6,0.5167277167277167
Gradient Boosting,MRI Only,False,22,0.4666666666666667,0.4963480963480963
Gradient Boosting,MRI Only,False,23,0.4666666666666667,0.6762896825396825
Gradient Boosting,MRI Only,False,24,0.5333333333333333,0.662085137085137
Gradient Boosting,MRI Only,False,25,0.6,0.7264766483516484
Gradient Boosting,MRI Only,False,26,0.4,0.5703643578643578
Gradient Boosting,MRI Only,False,27,0.6666666666666666,0.7375811688311689
Gradient Boosting,MRI Only,False,28,0.4666666666666667,0.6874271561771562
Gradient Boosting,MRI Only,False,29,0.5333333333333333,0.6118055555555555
Gradient Boosting,MRI Only,False,30,0.6666666666666666,0.4824263038548753
Gradient Boosting,MRI Only,False,31,0.4666666666666667,0.4636886922601208
Gradient Boosting,MRI Only,False,32,0.4666666666666667,0.5999323593073593
Gradient Boosting,MRI Only,False,33,0.6666666666666666,0.6972222222222222
Gradient Boosting,MRI Only,False,34,0.7333333333333333,0.7842261904761906
Gradient Boosting,MRI Only,False,35,0.6,0.6603375790875792
Gradient Boosting,MRI Only,False,36,0.4666666666666667,0.7021561771561772
Gradient Boosting,MRI Only,False,37,0.4666666666666667,0.6541208791208791
Gradient Boosting,MRI Only,False,38,0.26666666666666666,0.42263777888777887
Gradient Boosting,MRI Only,False,39,0.6,0.7612980769230769
Gradient Boosting,MRI Only,False,40,0.4,0.5913308913308913
Gradient Boosting,MRI Only,False,41,0.4,0.4094928880643166
Gradient Boosting,MRI Only,False,42,0.5333333333333333,0.6632898351648351
Gradient Boosting,MRI Only,False,43,0.3333333333333333,0.5049145299145299
Gradient Boosting,MRI Only,False,44,0.5333333333333333,0.7026445776445777
Gradient Boosting,MRI Only,False,45,0.7333333333333333,0.6739448051948053
Gradient Boosting,MRI Only,False,46,0.4,0.6546092796092796
Gradient Boosting,MRI Only,False,47,0.5333333333333333,0.5751945970695971
Gradient Boosting,MRI Only,False,48,0.4666666666666667,0.5826125263625264
Gradient Boosting,MRI Only,False,49,0.6666666666666666,0.755952380952381
Gradient Boosting,MRI Only,False,50,0.6,0.6196969696969696
Gradient Boosting,MRI Only,False,51,0.7333333333333333,0.7848595848595847
Gradient Boosting,MRI Only,False,52,0.4666666666666667,0.5614898989898989
Gradient Boosting,MRI Only,False,53,0.5333333333333333,0.5533730158730159
Gradient Boosting,MRI Only,False,54,0.4,0.5657925407925408
Gradient Boosting,MRI Only,False,55,0.4666666666666667,0.5346500721500722
Gradient Boosting,MRI Only,False,56,0.5333333333333333,0.5951923076923077
Gradient Boosting,MRI Only,False,57,0.4666666666666667,0.5698232323232323
Gradient Boosting,MRI Only,False,58,0.4666666666666667,0.552930402930403
Gradient Boosting,MRI Only,False,59,0.4666666666666667,0.6006944444444444
Gradient Boosting,MRI Only,False,60,0.5333333333333333,0.744078540507112
Gradient Boosting,MRI Only,False,61,0.6666666666666666,0.5942486085343228
Gradient Boosting,MRI Only,False,62,0.2,0.43856351981351976
Gradient Boosting,MRI Only,False,63,0.4,0.6035450660450661
Gradient Boosting,MRI Only,False,64,0.7333333333333333,0.8711670274170275
Gradient Boosting,MRI Only,False,65,0.6666666666666666,0.865909090909091
Gradient Boosting,MRI Only,False,66,0.6666666666666666,0.717739898989899
Gradient Boosting,MRI Only,False,67,0.4,0.5026057276057276
Gradient Boosting,MRI Only,False,68,0.4,0.6630418192918193
Gradient Boosting,MRI Only,False,69,0.6666666666666666,0.7771645021645022
Gradient Boosting,MRI Only,False,70,0.5333333333333333,0.6953823953823954
Gradient Boosting,MRI Only,False,71,0.4666666666666667,0.4809000523286237
Gradient Boosting,MRI Only,False,72,0.5333333333333333,0.6240311771561772
Gradient Boosting,MRI Only,False,73,0.7333333333333333,0.7760416666666666
Gradient Boosting,MRI Only,False,74,0.6,0.6603556166056166
Gradient Boosting,MRI Only,False,75,0.3333333333333333,0.5330086580086579
Gradient Boosting,MRI Only,False,76,0.3333333333333333,0.4549068986568986
Gradient Boosting,MRI Only,False,77,0.5333333333333333,0.5945172882672882
Gradient Boosting,MRI Only,False,78,0.4,0.6916666666666667
Gradient Boosting,MRI Only,False,79,0.4666666666666667,0.4986568986568986
Gradient Boosting,MRI Only,False,80,0.7333333333333333,0.6048229548229549
Gradient Boosting,MRI Only,False,81,0.6,0.6829931972789114
Gradient Boosting,MRI Only,False,82,0.4,0.5459859584859585
Gradient Boosting,MRI Only,False,83,0.5333333333333333,0.7242521367521366
Gradient Boosting,MRI Only,False,84,0.5333333333333333,0.665819597069597
Gradient Boosting,MRI Only,False,85,0.5333333333333333,0.6433035714285714
Gradient Boosting,MRI Only,False,86,0.3333333333333333,0.5556013431013431
Gradient Boosting,MRI Only,False,87,0.6666666666666666,0.7239583333333333
Gradient Boosting,MRI Only,False,88,0.5333333333333333,0.5821164946164945
Gradient Boosting,MRI Only,False,89,0.4666666666666667,0.5819180819180819
Gradient Boosting,MRI Only,False,90,0.6666666666666666,0.5328231292517006
Gradient Boosting,MRI Only,False,91,0.5333333333333333,0.4887445887445887
Gradient Boosting,MRI Only,False,92,0.5333333333333333,0.5296092796092795
Gradient Boosting,MRI Only,False,93,0.5333333333333333,0.6147321428571428
Gradient Boosting,MRI Only,False,94,0.5333333333333333,0.7543612637362637
Gradient Boosting,MRI Only,False,95,0.4,0.49984737484737485
Gradient Boosting,MRI Only,False,96,0.4666666666666667,0.6473484848484848
Gradient Boosting,MRI Only,False,97,0.3333333333333333,0.6553758741258742
Gradient Boosting,MRI Only,False,98,0.3333333333333333,0.5493589743589743
Gradient Boosting,MRI Only,False,99,0.4,0.6952266483516484
Gradient Boosting,Demographics Only,False,0,0.5333333333333333,0.5675213675213675
Gradient Boosting,Demographics Only,False,1,0.7333333333333333,0.6877551020408164
Gradient Boosting,Demographics Only,False,2,0.6,0.7792478354978355
Gradient Boosting,Demographics Only,False,3,0.6,0.6582656926406926
Gradient Boosting,Demographics Only,False,4,0.5333333333333333,0.7457656926406926
Gradient Boosting,Demographics Only,False,5,0.8,0.9115936147186148
Gradient Boosting,Demographics Only,False,6,0.5333333333333333,0.5651175213675214
Gradient Boosting,Demographics Only,False,7,0.5333333333333333,0.5230654761904762
Gradient Boosting,Demographics Only,False,8,0.6,0.6071584665334666
Gradient Boosting,Demographics Only,False,9,0.4,0.6160984848484848
Gradient Boosting,Demographics Only,False,10,0.6666666666666666,0.7121271585557298
Gradient Boosting,Demographics Only,False,11,0.7333333333333333,0.7687074829931972
Gradient Boosting,Demographics Only,False,12,0.26666666666666666,0.4334016677766678
Gradient Boosting,Demographics Only,False,13,0.4666666666666667,0.7624323593073593
Gradient Boosting,Demographics Only,False,14,0.4666666666666667,0.5793425324675324
Gradient Boosting,Demographics Only,False,15,0.6,0.5954184704184704
Gradient Boosting,Demographics Only,False,16,0.8666666666666667,0.8553436147186148
Gradient Boosting,Demographics Only,False,17,0.4666666666666667,0.4909188034188034
Gradient Boosting,Demographics Only,False,18,0.5333333333333333,0.6279040404040405
Gradient Boosting,Demographics Only,False,19,0.6,0.7173430735930736
Gradient Boosting,Demographics Only,False,20,0.4666666666666667,0.5882783882783882
Gradient Boosting,Demographics Only,False,21,0.5333333333333333,0.43080808080808086
Gradient Boosting,Demographics Only,False,22,0.6666666666666666,0.8581730769230769
Gradient Boosting,Demographics Only,False,23,0.6666666666666666,0.7347537878787878
Gradient Boosting,Demographics Only,False,24,0.4,0.7281565656565656
Gradient Boosting,Demographics Only,False,25,0.5333333333333333,0.5771103896103896
Gradient Boosting,Demographics Only,False,26,0.5333333333333333,0.6208603896103896
Gradient Boosting,Demographics Only,False,27,0.8,0.6510912698412699
Gradient Boosting,Demographics Only,False,28,0.5333333333333333,0.4952041014541015
Gradient Boosting,Demographics Only,False,29,0.5333333333333333,0.7618818681318681
Gradient Boosting,Demographics Only,False,30,0.4666666666666667,0.5833333333333333
Gradient Boosting,Demographics Only,False,31,0.6666666666666666,0.6536891679748822
Gradient Boosting,Demographics Only,False,32,0.5333333333333333,0.6998376623376623
Gradient Boosting,Demographics Only,False,33,0.6666666666666666,0.5956085581085581
Gradient Boosting,Demographics Only,False,34,0.6,0.7826704545454545
Gradient Boosting,Demographics Only,False,35,0.3333333333333333,0.5624736374736374
Gradient Boosting,Demographics Only,False,36,0.4666666666666667,0.6327117327117326
Gradient Boosting,Demographics Only,False,37,0.6666666666666666,0.7857142857142857
Gradient Boosting,Demographics Only,False,38,0.6666666666666666,0.8635912698412698
Gradient Boosting,Demographics Only,False,39,0.6666666666666666,0.7537518037518037
Gradient Boosting,Demographics Only,False,40,0.6,0.6947278911564625
Gradient Boosting,Demographics Only,False,41,0.6666666666666666,0.9004329004329004
Gradient Boosting,Demographics Only,False,42,0.4666666666666667,0.716220238095238
Gradient Boosting,Demographics Only,False,43,0.4666666666666667,0.5895493395493396
Gradient Boosting,Demographics Only,False,44,0.4,0.5706807081807082
Gradient Boosting,Demographics Only,False,45,0.6,0.6764766483516483
Gradient Boosting,Demographics Only,False,46,0.6666666666666666,0.7585279304029304
Gradient Boosting,Demographics Only,False,47,0.4666666666666667,0.5171092796092795
Gradient Boosting,Demographics Only,False,48,0.6666666666666666,0.7412087912087912
Gradient Boosting,Demographics Only,False,49,0.5333333333333333,0.6087037962037962
Gradient Boosting,Demographics Only,False,50,0.5333333333333333,0.5558132343846629
Gradient Boosting,Demographics Only,False,51,0.4666666666666667,0.46136878994021857
Gradient Boosting,Demographics Only,False,52,0.8,0.7107503607503608
Gradient Boosting,Demographics Only,False,53,0.6666666666666666,0.6239898989898989
Gradient Boosting,Demographics Only,False,54,0.6666666666666666,0.6627840909090909
Gradient Boosting,Demographics Only,False,55,0.4666666666666667,0.7287202380952381
Gradient Boosting,Demographics Only,False,56,0.6,0.7336767399267399
Gradient Boosting,Demographics Only,False,57,0.5333333333333333,0.5759084665334666
Gradient Boosting,Demographics Only,False,58,0.8,0.6940836940836942
Gradient Boosting,Demographics Only,False,59,0.6666666666666666,0.7541666666666668
Gradient Boosting,Demographics Only,False,60,0.5333333333333333,0.6059833024118738
Gradient Boosting,Demographics Only,False,61,0.6,0.7066326530612244
Gradient Boosting,Demographics Only,False,62,0.6,0.7106112637362637
Gradient Boosting,Demographics Only,False,63,0.7333333333333333,0.7635281385281386
Gradient Boosting,Demographics Only,False,64,0.5333333333333333,0.604087579087579
Gradient Boosting,Demographics Only,False,65,0.4,0.5782925407925408
Gradient Boosting,Demographics Only,False,66,0.5333333333333333,0.5688762626262627
Gradient Boosting,Demographics Only,False,67,0.6,0.7035485347985347
Gradient Boosting,Demographics Only,False,68,0.5333333333333333,0.6206054362304363
Gradient Boosting,Demographics Only,False,69,0.5333333333333333,0.6737959956709956
Gradient Boosting,Demographics Only,False,70,0.6,0.7856369820655535
Gradient Boosting,Demographics Only,False,71,0.6666666666666666,0.6484126984126983
Gradient Boosting,Demographics Only,False,72,0.6666666666666666,0.7804029304029304
Gradient Boosting,Demographics Only,False,73,0.6,0.8610479797979799
Gradient Boosting,Demographics Only,False,74,0.6666666666666666,0.7568910256410256
Gradient Boosting,Demographics Only,False,75,0.4666666666666667,0.8327651515151515
Gradient Boosting,Demographics Only,False,76,0.5333333333333333,0.518143315018315
Gradient Boosting,Demographics Only,False,77,0.4666666666666667,0.660977910977911
Gradient Boosting,Demographics Only,False,78,0.5333333333333333,0.5304563492063492
Gradient Boosting,Demographics Only,False,79,0.6666666666666666,0.7273809523809524
Gradient Boosting,Demographics Only,False,80,0.3333333333333333,0.410727367870225
Gradient Boosting,Demographics Only,False,81,0.6,0.8273809523809523
Gradient Boosting,Demographics Only,False,82,0.6666666666666666,0.895021645021645
Gradient Boosting,Demographics Only,False,83,0.4,0.5421814296814296
Gradient Boosting,Demographics Only,False,84,0.5333333333333333,0.6516254578754579
Gradient Boosting,Demographics Only,False,85,0.6,0.6154647435897436
Gradient Boosting,Demographics Only,False,86,0.4666666666666667,0.6911255411255411
Gradient Boosting,Demographics Only,False,87,0.7333333333333333,0.8951388888888889
Gradient Boosting,Demographics Only,False,88,0.6666666666666666,0.8224587912087913
Gradient Boosting,Demographics Only,False,89,0.5333333333333333,0.7262601981351982
Gradient Boosting,Demographics Only,False,90,0.7333333333333333,0.592517006802721
Gradient Boosting,Demographics Only,False,91,0.6,0.7464285714285714
Gradient Boosting,Demographics Only,False,92,0.5333333333333333,0.6540990259740259
Gradient Boosting,Demographics Only,False,93,0.5333333333333333,0.673989898989899
Gradient Boosting,Demographics Only,False,94,0.6,0.5956085581085581
Gradient Boosting,Demographics Only,False,95,0.8666666666666667,0.9260416666666667
Gradient Boosting,Demographics Only,False,96,0.6,0.6124209124209123
Gradient Boosting,Demographics Only,False,97,0.6,0.6813311688311688
Gradient Boosting,Demographics Only,False,98,0.5333333333333333,0.6197916666666666
Gradient Boosting,Demographics Only,False,99,0.5333333333333333,0.5948232323232323
SVM,All Features,True,0,0.6,0.6758503401360545
SVM,All Features,True,1,0.9333333333333333,0.9404761904761902
SVM,All Features,True,2,0.6666666666666666,0.8125
SVM,All Features,True,3,0.6666666666666666,0.7854978354978355
SVM,All Features,True,4,0.7333333333333333,0.8712121212121212
SVM,All Features,True,5,0.6666666666666666,0.8123397435897436
SVM,All Features,True,6,0.5333333333333333,0.7778159340659341
SVM,All Features,True,7,0.8,0.9081845238095239
SVM,All Features,True,8,0.6666666666666666,0.8214743589743589
SVM,All Features,True,9,0.8,0.9659090909090909
SVM,All Features,True,10,0.6666666666666666,0.7707792207792208
SVM,All Features,True,11,0.9333333333333333,0.9340659340659339
SVM,All Features,True,12,0.6666666666666666,0.8549603174603175
SVM,All Features,True,13,0.9333333333333333,0.9861111111111112
SVM,All Features,True,14,0.6666666666666666,0.8816287878787878
SVM,All Features,True,15,0.6,0.786298076923077
SVM,All Features,True,16,0.7333333333333333,0.814125457875458
SVM,All Features,True,17,0.6666666666666666,0.8783549783549783
SVM,All Features,True,18,0.6,0.7901785714285714
SVM,All Features,True,19,0.6666666666666666,0.8726076007326008
SVM,All Features,True,20,0.8666666666666667,0.9276437847866419
SVM,All Features,True,21,0.5333333333333333,0.6848595848595849
SVM,All Features,True,22,0.7333333333333333,0.932426948051948
SVM,All Features,True,23,0.7333333333333333,0.7577380952380953
SVM,All Features,True,24,0.7333333333333333,0.8860479797979799
SVM,All Features,True,25,0.7333333333333333,0.8006410256410257
SVM,All Features,True,26,0.5333333333333333,0.6534722222222222
SVM,All Features,True,27,0.7333333333333333,0.8720619658119658
SVM,All Features,True,28,0.6666666666666666,0.831547619047619
SVM,All Features,True,29,0.4666666666666667,0.7113251332001332
SVM,All Features,True,30,0.7333333333333333,0.8333333333333333
SVM,All Features,True,31,0.8,0.8670995670995671
SVM,All Features,True,32,0.6,0.8060897435897436
SVM,All Features,True,33,0.7333333333333333,0.9126984126984127
SVM,All Features,True,34,0.6666666666666666,0.7985119047619048
SVM,All Features,True,35,0.8666666666666667,0.9472222222222222
SVM,All Features,True,36,0.5333333333333333,0.644192612942613
SVM,All Features,True,37,0.6666666666666666,0.896565934065934
SVM,All Features,True,38,0.7333333333333333,0.899440836940837
SVM,All Features,True,39,0.6666666666666666,0.8040875790875791
SVM,All Features,True,40,0.6,0.7159090909090908
SVM,All Features,True,41,0.8,0.9136577708006279
SVM,All Features,True,42,0.7333333333333333,0.9241452991452992
SVM,All Features,True,43,0.8666666666666667,0.9064685314685315
SVM,All Features,True,44,0.8,0.860454822954823
SVM,All Features,True,45,0.8666666666666667,1.0
SVM,All Features,True,46,0.6,0.9184409340659341
SVM,All Features,True,47,0.6,0.8189685314685314
SVM,All Features,True,48,0.8,0.8526785714285714
SVM,All Features,True,49,0.6,0.8184523809523809
SVM,All Features,True,50,0.9333333333333333,0.9480519480519478
SVM,All Features,True,51,0.6,0.5714594928880643
SVM,All Features,True,52,0.8,0.896031746031746
SVM,All Features,True,53,0.5333333333333333,0.6689303751803752
SVM,All Features,True,54,0.8,0.8677780552780553
SVM,All Features,True,55,0.8666666666666667,0.928409090909091
SVM,All Features,True,56,0.6,0.8356351981351982
SVM,All Features,True,57,0.6666666666666666,0.9068813131313131
SVM,All Features,True,58,0.6666666666666666,0.7311709124209125
SVM,All Features,True,59,0.7333333333333333,0.8202838827838828
SVM,All Features,True,60,0.8,0.8385281385281385
SVM,All Features,True,61,0.8,0.768964368964369
SVM,All Features,True,62,0.6666666666666666,0.8226190476190476
SVM,All Features,True,63,0.7333333333333333,0.8895833333333334
SVM,All Features,True,64,0.8,0.9415178571428571
SVM,All Features,True,65,0.6,0.6807921245421246
SVM,All Features,True,66,0.6666666666666666,0.8543851981351982
SVM,All Features,True,67,0.7333333333333333,0.8784722222222222
SVM,All Features,True,68,0.6,0.8526785714285714
SVM,All Features,True,69,0.6666666666666666,0.831547619047619
SVM,All Features,True,70,0.7333333333333333,0.7506493506493506
SVM,All Features,True,71,0.8666666666666667,0.9480519480519478
SVM,All Features,True,72,0.8,0.8764880952380952
SVM,All Features,True,73,0.8,0.8895833333333334
SVM,All Features,True,74,0.7333333333333333,0.8860479797979799
SVM,All Features,True,75,0.9333333333333333,0.975
SVM,All Features,True,76,0.5333333333333333,0.7026175213675214
SVM,All Features,True,77,0.7333333333333333,0.8910714285714285
SVM,All Features,True,78,0.5333333333333333,0.6162202380952382
SVM,All Features,True,79,0.6666666666666666,0.8015241702741703
SVM,All Features,True,80,0.6666666666666666,0.7440836940836941
SVM,All Features,True,81,0.8,0.8636363636363635
SVM,All Features,True,82,0.8666666666666667,0.9381313131313131
SVM,All Features,True,83,0.7333333333333333,0.7832542457542457
SVM,All Features,True,84,0.6666666666666666,0.7558035714285714
SVM,All Features,True,85,0.7333333333333333,0.8726076007326008
SVM,All Features,True,86,0.6,0.7607600732600732
SVM,All Features,True,87,0.8,0.8819826007326008
SVM,All Features,True,88,0.6,0.8240079365079365
SVM,All Features,True,89,0.7333333333333333,0.9248511904761905
SVM,All Features,True,90,0.6,0.7511904761904762
SVM,All Features,True,91,0.7333333333333333,0.8401360544217686
SVM,All Features,True,92,0.8,0.8250457875457876
SVM,All Features,True,93,0.7333333333333333,0.9062881562881563
SVM,All Features,True,94,0.7333333333333333,0.851923076923077
SVM,All Features,True,95,0.8,0.9415178571428571
SVM,All Features,True,96,0.5333333333333333,0.8017857142857143
SVM,All Features,True,97,0.8666666666666667,0.9260416666666667
SVM,All Features,True,98,0.6,0.8385912698412699
SVM,All Features,True,99,0.6666666666666666,0.7906520562770563
SVM,No MMSE,False,0,0.7333333333333333,0.5591836734693878
SVM,No MMSE,False,1,0.7333333333333333,0.8745421245421245
SVM,No MMSE,False,2,0.6666666666666666,0.7311709124209125
SVM,No MMSE,False,3,0.6666666666666666,0.6701704545454545
SVM,No MMSE,False,4,0.6,0.7974702380952381
SVM,No MMSE,False,5,0.6,0.611893315018315
SVM,No MMSE,False,6,0.6666666666666666,0.7313311688311689
SVM,No MMSE,False,7,0.6,0.5108946608946608
SVM,No MMSE,False,8,0.5333333333333333,0.6662202380952381
SVM,No MMSE,False,9,0.8,0.7238476800976801
SVM,No MMSE,False,10,0.6666666666666666,0.6906985871271585
SVM,No MMSE,False,11,0.8,0.8976190476190475
SVM,No MMSE,False,12,0.6,0.6336670274170274
SVM,No MMSE,False,13,0.5333333333333333,0.7425751332001332
SVM,No MMSE,False,14,0.7333333333333333,0.9105519480519481
SVM,No MMSE,False,15,0.6,0.8227564102564103
SVM,No MMSE,False,16,0.5333333333333333,0.7510572760572761
SVM,No MMSE,False,17,0.6,0.49050324675324675
SVM,No MMSE,False,18,0.6,0.6218750000000001
SVM,No MMSE,False,19,0.6,0.8491883116883117
SVM,No MMSE,False,20,0.7333333333333333,0.8917233560090703
SVM,No MMSE,False,21,0.6,0.4626460840746556
SVM,No MMSE,False,22,0.7333333333333333,0.7482007575757575
SVM,No MMSE,False,23,0.6666666666666666,0.6204184704184703
SVM,No MMSE,False,24,0.7333333333333333,0.860454822954823
SVM,No MMSE,False,25,0.5333333333333333,0.6737065018315018
SVM,No MMSE,False,26,0.6,0.5738553113553113
SVM,No MMSE,False,27,0.6666666666666666,0.831547619047619
SVM,No MMSE,False,28,0.6666666666666666,0.7238476800976801
SVM,No MMSE,False,29,0.3333333333333333,0.487118783993784
SVM,No MMSE,False,30,0.8666666666666667,0.9200680272108843
SVM,No MMSE,False,31,0.7333333333333333,0.7940476190476189
SVM,No MMSE,False,32,0.8,0.896565934065934
SVM,No MMSE,False,33,0.5333333333333333,0.7727564102564103
SVM,No MMSE,False,34,0.6,0.7031746031746032
SVM,No MMSE,False,35,0.6,0.8593073593073592
SVM,No MMSE,False,36,0.4666666666666667,0.6075396825396826
SVM,No MMSE,False,37,0.4666666666666667,0.5738553113553113
SVM,No MMSE,False,38,0.5333333333333333,0.606784188034188
SVM,No MMSE,False,39,0.6,0.7412087912087912
SVM,No MMSE,False,40,0.7333333333333333,0.6119975262832406
SVM,No MMSE,False,41,0.6666666666666666,0.7722222222222221
SVM,No MMSE,False,42,0.7333333333333333,0.6350198412698412
SVM,No MMSE,False,43,0.5333333333333333,0.6915140415140415
SVM,No MMSE,False,44,0.6666666666666666,0.6854978354978355
SVM,No MMSE,False,45,0.7333333333333333,0.716220238095238
SVM,No MMSE,False,46,0.9333333333333333,0.9416666666666667
SVM,No MMSE,False,47,0.6666666666666666,0.7705357142857143
SVM,No MMSE,False,48,0.5333333333333333,0.6967147435897436
SVM,No MMSE,False,49,0.6,0.6155219780219781
SVM,No MMSE,False,50,0.8,0.823469387755102
SVM,No MMSE,False,51,0.6666666666666666,0.5829931972789115
SVM,No MMSE,False,52,0.7333333333333333,0.8865936147186148
SVM,No MMSE,False,53,0.6666666666666666,0.7023809523809523
SVM,No MMSE,False,54,0.5333333333333333,0.6397321428571429
SVM,No MMSE,False,55,0.6,0.7349587912087913
SVM,No MMSE,False,56,0.4666666666666667,0.6050751332001332
SVM,No MMSE,False,57,0.6,0.7680871212121212
SVM,No MMSE,False,58,0.8666666666666667,0.7198412698412698
SVM,No MMSE,False,59,0.4666666666666667,0.5908466533466533
SVM,No MMSE,False,60,0.6,0.7207792207792207
SVM,No MMSE,False,61,0.6666666666666666,0.801360544217687
SVM,No MMSE,False,62,0.6666666666666666,0.5620535714285715
SVM,No MMSE,False,63,0.7333333333333333,0.8993055555555556
SVM,No MMSE,False,64,0.7333333333333333,0.6292478354978355
SVM,No MMSE,False,65,0.4666666666666667,0.6452651515151515
SVM,No MMSE,False,66,0.6666666666666666,0.7440476190476191
SVM,No MMSE,False,67,0.6666666666666666,0.6899621212121213
SVM,No MMSE,False,68,0.6,0.6814716533466534
SVM,No MMSE,False,69,0.7333333333333333,0.7281114718614718
SVM,No MMSE,False,70,0.6,0.6430795395081108
SVM,No MMSE,False,71,0.8,0.827437641723356
SVM,No MMSE,False,72,0.6666666666666666,0.8057921245421245
SVM,No MMSE,False,73,0.8,0.8321810134310135
SVM,No MMSE,False,74,0.6666666666666666,0.5874323593073593
SVM,No MMSE,False,75,0.7333333333333333,0.8266865079365079
SVM,No MMSE,False,76,0.6,0.4945398351648351
SVM,No MMSE,False,77,0.6,0.709375
SVM,No MMSE,False,78,0.5333333333333333,0.5507898351648352
SVM,No MMSE,False,79,0.6,0.7561709124209124
SVM,No MMSE,False,80,0.6,0.6049843014128728
SVM,No MMSE,False,81,0.7333333333333333,0.739486703772418
SVM,No MMSE,False,82,0.8666666666666667,0.8552579365079365
SVM,No MMSE,False,83,0.4666666666666667,0.4927766677766678
SVM,No MMSE,False,84,0.6,0.8139880952380952
SVM,No MMSE,False,85,0.5333333333333333,0.6680215617715618
SVM,No MMSE,False,86,0.4666666666666667,0.6507215007215007
SVM,No MMSE,False,87,0.8,0.8321810134310135
SVM,No MMSE,False,88,0.7333333333333333,0.7732503607503608
SVM,No MMSE,False,89,0.7333333333333333,0.7537698412698413
SVM,No MMSE,False,90,0.6666666666666666,0.5511904761904761
SVM,No MMSE,False,91,0.6666666666666666,0.6910173160173161
SVM,No MMSE,False,92,0.6666666666666666,0.6582656926406927
SVM,No MMSE,False,93,0.6666666666666666,0.8895833333333334
SVM,No MMSE,False,94,0.5333333333333333,0.6989583333333333
SVM,No MMSE,False,95,0.7333333333333333,0.8791666666666667
SVM,No MMSE,False,96,0.6666666666666666,0.7239583333333333
SVM,No MMSE,False,97,0.6,0.5395156926406927
SVM,No MMSE,False,98,0.6,0.6363553113553113
SVM,No MMSE,False,99,0.6666666666666666,0.7537518037518037
SVM,MRI Only,False,0,0.4,0.4866522366522366
SVM,MRI Only,False,1,0.6,0.3685504971219257
SVM,MRI Only,False,2,0.5333333333333333,0.7001945970695971
SVM,MRI Only,False,3,0.6666666666666666,0.7779647435897437
SVM,MRI Only,False,4,0.6,0.5078869047619048
SVM,MRI Only,False,5,0.4,0.5569444444444445
SVM,MRI Only,False,6,0.6,0.7478375790875791
SVM,MRI Only,False,7,0.4666666666666667,0.6591006216006217
SVM,MRI Only,False,8,0.4666666666666667,0.7096688034188033
SVM,MRI Only,False,9,0.3333333333333333,0.6083069708069708
SVM,MRI Only,False,10,0.5333333333333333,0.6316017316017316
SVM,MRI Only,False,11,0.5333333333333333,0.7932496075353217
SVM,MRI Only,False,12,0.5333333333333333,0.5399572649572649
SVM,MRI Only,False,13,0.5333333333333333,0.732224025974026
SVM,MRI Only,False,14,0.4,0.5203869047619047
SVM,MRI Only,False,15,0.6666666666666666,0.8776785714285714
SVM,MRI Only,False,16,0.6666666666666666,0.8635912698412698
SVM,MRI Only,False,17,0.5333333333333333,0.6473484848484848
SVM,MRI Only,False,18,0.4,0.46748737373737376
SVM,MRI Only,False,19,0.5333333333333333,0.6402777777777777
SVM,MRI Only,False,20,0.6,0.48553985696842844
SVM,MRI Only,False,21,0.3333333333333333,0.40402930402930404
SVM,MRI Only,False,22,0.5333333333333333,0.7513625263625263
SVM,MRI Only,False,23,0.8,0.41319826007326005
SVM,MRI Only,False,24,0.6666666666666666,0.8648018648018648
SVM,MRI Only,False,25,0.8,0.7302579365079365
SVM,MRI Only,False,26,0.3333333333333333,0.5081123737373736
SVM,MRI Only,False,27,0.6,0.8258928571428572
SVM,MRI Only,False,28,0.5333333333333333,0.7076048951048951
SVM,MRI Only,False,29,0.4,0.5008207070707071
SVM,MRI Only,False,30,0.4666666666666667,0.768964368964369
SVM,MRI Only,False,31,0.4666666666666667,0.6673469387755102
SVM,MRI Only,False,32,0.5333333333333333,0.5943181818181817
SVM,MRI Only,False,33,0.6,0.465945165945166
SVM,MRI Only,False,34,0.6666666666666666,0.8020833333333334
SVM,MRI Only,False,35,0.7333333333333333,0.8250000000000001
SVM,MRI Only,False,36,0.5333333333333333,0.5894307081807082
SVM,MRI Only,False,37,0.4,0.5354895104895105
SVM,MRI Only,False,38,0.6,0.6719065656565656
SVM,MRI Only,False,39,0.4666666666666667,0.7336767399267399
SVM,MRI Only,False,40,0.6666666666666666,0.8392857142857142
SVM,MRI Only,False,41,0.4666666666666667,0.3959750566893424
SVM,MRI Only,False,42,0.5333333333333333,0.6329184704184705
SVM,MRI Only,False,43,0.6,0.8065934065934066
SVM,MRI Only,False,44,0.4666666666666667,0.6927353896103896
SVM,MRI Only,False,45,0.5333333333333333,0.5794642857142857
SVM,MRI Only,False,46,0.5333333333333333,0.6698187229437229
SVM,MRI Only,False,47,0.5333333333333333,0.6870806277056276
SVM,MRI Only,False,48,0.6,0.6034188034188035
SVM,MRI Only,False,49,0.5333333333333333,0.7202152014652016
SVM,MRI Only,False,50,0.8,0.9404761904761902
SVM,MRI Only,False,51,0.4666666666666667,0.4412999698713985
SVM,MRI Only,False,52,0.6,0.5787660256410256
SVM,MRI Only,False,53,0.4666666666666667,0.5882215007215007
SVM,MRI Only,False,54,0.6666666666666666,0.7875811688311688
SVM,MRI Only,False,55,0.6,0.6492063492063491
SVM,MRI Only,False,56,0.4,0.5782925407925408
SVM,MRI Only,False,57,0.6,0.6829184704184703
SVM,MRI Only,False,58,0.5333333333333333,0.6167929292929293
SVM,MRI Only,False,59,0.5333333333333333,0.6001262626262627
SVM,MRI Only,False,60,0.4,0.7054945054945054
SVM,MRI Only,False,61,0.6666666666666666,0.5972789115646258
SVM,MRI Only,False,62,0.3333333333333333,0.5108173076923077
SVM,MRI Only,False,63,0.6,0.7045371295371295
SVM,MRI Only,False,64,0.6666666666666666,0.42263777888777887
SVM,MRI Only,False,65,0.8,0.39727564102564106
SVM,MRI Only,False,66,0.4666666666666667,0.7387362637362638
SVM,MRI Only,False,67,0.3333333333333333,0.6061771561771562
SVM,MRI Only,False,68,0.4666666666666667,0.5795371295371295
SVM,MRI Only,False,69,0.5333333333333333,0.5038877788877789
SVM,MRI Only,False,70,0.5333333333333333,0.45949288806431665
SVM,MRI Only,False,71,0.4666666666666667,0.7691308691308691
SVM,MRI Only,False,72,0.6,0.6654963092463092
SVM,MRI Only,False,73,0.8,0.48333333333333334
SVM,MRI Only,False,74,0.4,0.7637362637362637
SVM,MRI Only,False,75,0.4666666666666667,0.5543612637362636
SVM,MRI Only,False,76,0.5333333333333333,0.7473415473415473
SVM,MRI Only,False,77,0.5333333333333333,0.6872159090909091
SVM,MRI Only,False,78,0.4666666666666667,0.4932276057276057
SVM,MRI Only,False,79,0.4666666666666667,0.7694180819180819
SVM,MRI Only,False,80,0.6,0.7834776334776334
SVM,MRI Only,False,81,0.5333333333333333,0.5056388056388056
SVM,MRI Only,False,82,0.4666666666666667,0.6713945776445777
SVM,MRI Only,False,83,0.6666666666666666,0.49555444555444556
SVM,MRI Only,False,84,0.5333333333333333,0.6328869047619048
SVM,MRI Only,False,85,0.5333333333333333,0.7601461038961039
SVM,MRI Only,False,86,0.4666666666666667,0.49647435897435893
SVM,MRI Only,False,87,0.6666666666666666,0.4377743783993784
SVM,MRI Only,False,88,0.4666666666666667,0.6663690476190476
SVM,MRI Only,False,89,0.4,0.49027777777777776
SVM,MRI Only,False,90,0.4,0.4702071737786023
SVM,MRI Only,False,91,0.6,0.5596371882086167
SVM,MRI Only,False,92,0.6,0.7362959956709956
SVM,MRI Only,False,93,0.7333333333333333,0.895021645021645
SVM,MRI Only,False,94,0.6,0.5894307081807082
SVM,MRI Only,False,95,0.6,0.42234015984015977
SVM,MRI Only,False,96,0.5333333333333333,0.7361607142857143
SVM,MRI Only,False,97,0.4,0.5387362637362636
SVM,MRI Only,False,98,0.3333333333333333,0.6205544455544455
SVM,MRI Only,False,99,0.6,0.662085137085137
SVM,Demographics Only,False,0,0.5333333333333333,0.5796227581941868
SVM,Demographics Only,False,1,0.6,0.7401360544217688
SVM,Demographics Only,False,2,0.6,0.5828869047619046
SVM,Demographics Only,False,3,0.6666666666666666,0.6323232323232323
SVM,Demographics Only,False,4,0.7333333333333333,0.816693722943723
SVM,Demographics Only,False,5,0.6666666666666666,0.8802579365079365
SVM,Demographics Only,False,6,0.6666666666666666,0.7938311688311689
SVM,Demographics Only,False,7,0.5333333333333333,0.4883935508935509
SVM,Demographics Only,False,8,0.5333333333333333,0.6704184704184704
SVM,Demographics Only,False,9,0.6666666666666666,0.7097537878787878
SVM,Demographics Only,False,10,0.6666666666666666,0.5205215419501132
SVM,Demographics Only,False,11,0.8,0.8441043083900226
SVM,Demographics Only,False,12,0.5333333333333333,0.500534188034188
SVM,Demographics Only,False,13,0.6,0.8227564102564103
SVM,Demographics Only,False,14,0.6,0.8117445054945055
SVM,Demographics Only,False,15,0.5333333333333333,0.4916056166056166
SVM,Demographics Only,False,16,0.5333333333333333,0.5772321428571427
SVM,Demographics Only,False,17,0.5333333333333333,0.584054834054834
SVM,Demographics Only,False,18,0.6666666666666666,0.6044642857142857
SVM,Demographics Only,False,19,0.7333333333333333,0.8048992673992674
SVM,Demographics Only,False,20,0.7333333333333333,0.5678571428571428
SVM,Demographics Only,False,21,0.6666666666666666,0.5659090909090909
SVM,Demographics Only,False,22,0.6666666666666666,0.8295003607503608
SVM,Demographics Only,False,23,0.6,0.6782127594627595
SVM,Demographics Only,False,24,0.6666666666666666,0.8203869047619048
SVM,Demographics Only,False,25,0.4666666666666667,0.5436237373737374
SVM,Demographics Only,False,26,0.6666666666666666,0.7170003607503608
SVM,Demographics Only,False,27,0.6666666666666666,0.8166666666666667
SVM,Demographics Only,False,28,0.7333333333333333,0.5987959956709956
SVM,Demographics Only,False,29,0.5333333333333333,0.48497023809523804
SVM,Demographics Only,False,30,0.8666666666666667,0.8843537414965985
SVM,Demographics Only,False,31,0.7333333333333333,0.6828231292517006
SVM,Demographics Only,False,32,0.6666666666666666,0.786298076923077
SVM,Demographics Only,False,33,0.5333333333333333,0.6429299866799867
SVM,Demographics Only,False,34,0.6666666666666666,0.740625
SVM,Demographics Only,False,35,0.5333333333333333,0.5539418914418913
SVM,Demographics Only,False,36,0.5333333333333333,0.48271173271173273
SVM,Demographics Only,False,37,0.6,0.8112980769230769
SVM,Demographics Only,False,38,0.6666666666666666,0.7196314102564103
SVM,Demographics Only,False,39,0.6666666666666666,0.7723099816849817
SVM,Demographics Only,False,40,0.5333333333333333,0.506235827664399
SVM,Demographics Only,False,41,0.7333333333333333,0.9123376623376622
SVM,Demographics Only,False,42,0.6666666666666666,0.6518554362304363
SVM,Demographics Only,False,43,0.5333333333333333,0.5444715007215006
SVM,Demographics Only,False,44,0.6666666666666666,0.5999660062160063
SVM,Demographics Only,False,45,0.6,0.7632326007326008
SVM,Demographics Only,False,46,0.7333333333333333,0.843452380952381
SVM,Demographics Only,False,47,0.6666666666666666,0.7826704545454545
SVM,Demographics Only,False,48,0.7333333333333333,0.6870535714285714
SVM,Demographics Only,False,49,0.6,0.7559523809523809
SVM,Demographics Only,False,50,0.6,0.44370312227455083
SVM,Demographics Only,False,51,0.6666666666666666,0.5277167277167276
SVM,Demographics Only,False,52,0.8,0.874440836940837
SVM,Demographics Only,False,53,0.6666666666666666,0.7920100732600732
SVM,Demographics Only,False,54,0.5333333333333333,0.6250270562770562
SVM,Demographics Only,False,55,0.7333333333333333,0.776271645021645
SVM,Demographics Only,False,56,0.6666666666666666,0.7061709124209125
SVM,Demographics Only,False,57,0.6,0.7529647435897435
SVM,Demographics Only,False,58,0.7333333333333333,0.7550459956709956
SVM,Demographics Only,False,59,0.5333333333333333,0.5507898351648352
SVM,Demographics Only,False,60,0.6,0.7834776334776334
SVM,Demographics Only,False,61,0.6,0.5882086167800453
SVM,Demographics Only,False,62,0.5333333333333333,0.5194715007215007
SVM,Demographics Only,False,63,0.9333333333333333,0.875545634920635
SVM,Demographics Only,False,64,0.5333333333333333,0.7224587912087912
SVM,Demographics Only,False,65,0.4,0.5139152514152514
SVM,Demographics Only,False,66,0.6,0.6032127594627594
SVM,Demographics Only,False,67,0.8,0.932426948051948
SVM,Demographics Only,False,68,0.6,0.7807921245421245
SVM,Demographics Only,False,69,0.6666666666666666,0.6203754578754579
SVM,Demographics Only,False,70,0.4666666666666667,0.6038548752834467
SVM,Demographics Only,False,71,0.7333333333333333,0.7090496804782518
SVM,Demographics Only,False,72,0.4666666666666667,0.5894501332001332
SVM,Demographics Only,False,73,0.7333333333333333,0.8009310134310135
SVM,Demographics Only,False,74,0.6666666666666666,0.7918019480519481
SVM,Demographics Only,False,75,0.7333333333333333,0.8226190476190476
SVM,Demographics Only,False,76,0.4666666666666667,0.44741681929181926
SVM,Demographics Only,False,77,0.5333333333333333,0.6012896825396825
SVM,Demographics Only,False,78,0.6666666666666666,0.6682921245421245
SVM,Demographics Only,False,79,0.6666666666666666,0.8103174603174603
SVM,Demographics Only,False,80,0.4666666666666667,0.5667189952904239
SVM,Demographics Only,False,81,0.6666666666666666,0.7742019884877027
SVM,Demographics Only,False,82,0.8666666666666667,0.8835317460317461
SVM,Demographics Only,False,83,0.26666666666666666,0.4163877788877789
SVM,Demographics Only,False,84,0.6666666666666666,0.6892857142857143
SVM,Demographics Only,False,85,0.5333333333333333,0.6084325396825396
SVM,Demographics Only,False,86,0.4666666666666667,0.796474358974359
SVM,Demographics Only,False,87,0.6666666666666666,0.7021645021645022
SVM,Demographics Only,False,88,0.8666666666666667,0.7885912698412698
SVM,Demographics Only,False,89,0.8,0.7250381562881564
SVM,Demographics Only,False,90,0.6666666666666666,0.6520408163265305
SVM,Demographics Only,False,91,0.6,0.6752834467120181
SVM,Demographics Only,False,92,0.5333333333333333,0.7364583333333333
SVM,Demographics Only,False,93,0.6666666666666666,0.6518554362304363
SVM,Demographics Only,False,94,0.5333333333333333,0.7029963092463093
SVM,Demographics Only,False,95,0.6666666666666666,0.9040178571428572
SVM,Demographics Only,False,96,0.6,0.5419844044844044
SVM,Demographics Only,False,97,0.7333333333333333,0.6932921245421245
SVM,Demographics Only,False,98,0.6,0.7752976190476191
SVM,Demographics Only,False,99,0.7333333333333333,0.7392857142857143
XGBoost,All Features,True,0,0.6,0.6837662337662338
XGBoost,All Features,True,1,0.9333333333333333,0.9285714285714284
XGBoost,All Features,True,2,0.6666666666666666,0.776271645021645
XGBoost,All Features,True,3,0.8,0.8839743589743589
XGBoost,All Features,True,4,0.8,0.900974025974026
XGBoost,All Features,True,5,0.6666666666666666,0.8148674242424242
XGBoost,All Features,True,6,0.7333333333333333,0.838474025974026
XGBoost,All Features,True,7,0.6666666666666666,0.8873511904761905
XGBoost,All Features,True,8,0.7333333333333333,0.8630952380952381
XGBoost,All Features,True,9,0.8,0.9415178571428571
XGBoost,All Features,True,10,0.7333333333333333,0.7988095238095236
XGBoost,All Features,True,11,0.9333333333333333,0.9404761904761902
XGBoost,All Features,True,12,0.6,0.7495535714285714
XGBoost,All Features,True,13,0.8,0.9464285714285714
XGBoost,All Features,True,14,0.8,0.9041666666666667
XGBoost,All Features,True,15,0.5333333333333333,0.7845935314685315
XGBoost,All Features,True,16,0.7333333333333333,0.8470695970695971
XGBoost,All Features,True,17,0.7333333333333333,0.8327651515151515
XGBoost,All Features,True,18,0.6666666666666666,0.8271561771561772
XGBoost,All Features,True,19,0.6666666666666666,0.8918650793650793
XGBoost,All Features,True,20,0.9333333333333333,0.9404761904761902
XGBoost,All Features,True,21,0.6666666666666666,0.7980769230769229
XGBoost,All Features,True,22,0.8,0.9208333333333334
XGBoost,All Features,True,23,0.7333333333333333,0.7939484126984128
XGBoost,All Features,True,24,0.7333333333333333,0.8993055555555556
XGBoost,All Features,True,25,0.6,0.789125457875458
XGBoost,All Features,True,26,0.6666666666666666,0.8253787878787879
XGBoost,All Features,True,27,0.8,0.9138888888888889
XGBoost,All Features,True,28,0.6666666666666666,0.8374999999999999
XGBoost,All Features,True,29,0.7333333333333333,0.869724025974026
XGBoost,All Features,True,30,0.7333333333333333,0.8928571428571428
XGBoost,All Features,True,31,0.8666666666666667,0.9367346938775509
XGBoost,All Features,True,32,0.5333333333333333,0.7207656926406926
XGBoost,All Features,True,33,0.8,0.8783549783549783
XGBoost,All Features,True,34,0.7333333333333333,0.9526289682539683
XGBoost,All Features,True,35,0.6666666666666666,0.9144230769230769
XGBoost,All Features,True,36,0.5333333333333333,0.6443910256410256
XGBoost,All Features,True,37,0.8666666666666667,1.0
XGBoost,All Features,True,38,0.7333333333333333,0.8319180819180819
XGBoost,All Features,True,39,0.6,0.8509740259740259
XGBoost,All Features,True,40,0.6,0.6066849816849816
XGBoost,All Features,True,41,0.8,0.9682539682539681
XGBoost,All Features,True,42,0.7333333333333333,0.9659090909090909
XGBoost,All Features,True,43,0.8666666666666667,0.9519230769230769
XGBoost,All Features,True,44,0.6,0.8943452380952381
XGBoost,All Features,True,45,0.8,0.9659090909090909
XGBoost,All Features,True,46,0.6,0.7425976800976801
XGBoost,All Features,True,47,0.6666666666666666,0.8835317460317461
XGBoost,All Features,True,48,0.5333333333333333,0.7802811771561772
XGBoost,All Features,True,49,0.7333333333333333,0.8928952991452992
XGBoost,All Features,True,50,0.8666666666666667,0.9285714285714284
XGBoost,All Features,True,51,0.6666666666666666,0.7095238095238094
XGBoost,All Features,True,52,0.8,0.9381313131313131
XGBoost,All Features,True,53,0.6666666666666666,0.7558035714285714
XGBoost,All Features,True,54,0.8666666666666667,0.9583333333333333
XGBoost,All Features,True,55,0.8666666666666667,1.0
XGBoost,All Features,True,56,0.6,0.8291666666666666
XGBoost,All Features,True,57,0.8,0.928409090909091
XGBoost,All Features,True,58,0.6666666666666666,0.7061709124209125
XGBoost,All Features,True,59,0.5333333333333333,0.8073232323232323
XGBoost,All Features,True,60,0.6666666666666666,0.7445887445887445
XGBoost,All Features,True,61,0.7333333333333333,0.8520408163265305
XGBoost,All Features,True,62,0.6,0.7532925407925408
XGBoost,All Features,True,63,0.7333333333333333,0.8235930735930737
XGBoost,All Features,True,64,0.8,0.975
XGBoost,All Features,True,65,0.7333333333333333,0.752281746031746
XGBoost,All Features,True,66,0.7333333333333333,0.928409090909091
XGBoost,All Features,True,67,0.7333333333333333,0.9293650793650794
XGBoost,All Features,True,68,0.8,0.8895833333333334
XGBoost,All Features,True,69,0.8,0.8509740259740259
XGBoost,All Features,True,70,0.4666666666666667,0.7183372183372183
XGBoost,All Features,True,71,0.9333333333333333,0.9480519480519478
XGBoost,All Features,True,72,0.6666666666666666,0.8068452380952381
XGBoost,All Features,True,73,0.7333333333333333,0.8776785714285714
XGBoost,All Features,True,74,0.8666666666666667,1.0
XGBoost,All Features,True,75,0.8666666666666667,0.959375
XGBoost,All Features,True,76,0.7333333333333333,0.7842261904761905
XGBoost,All Features,True,77,0.7333333333333333,0.8791666666666667
XGBoost,All Features,True,78,0.5333333333333333,0.5748473748473748
XGBoost,All Features,True,79,0.6666666666666666,0.701923076923077
XGBoost,All Features,True,80,0.8,0.9214285714285713
XGBoost,All Features,True,81,0.7333333333333333,0.857142857142857
XGBoost,All Features,True,82,0.8,0.9105519480519481
XGBoost,All Features,True,83,0.6,0.8087121212121212
XGBoost,All Features,True,84,0.5333333333333333,0.7668154761904762
XGBoost,All Features,True,85,0.7333333333333333,0.900974025974026
XGBoost,All Features,True,86,0.6666666666666666,0.7822916666666666
XGBoost,All Features,True,87,0.8,0.9305555555555556
XGBoost,All Features,True,88,0.6666666666666666,0.7256313131313132
XGBoost,All Features,True,89,0.9333333333333333,0.9464285714285714
XGBoost,All Features,True,90,0.6666666666666666,0.8306122448979592
XGBoost,All Features,True,91,0.7333333333333333,0.739486703772418
XGBoost,All Features,True,92,0.6666666666666666,0.8895833333333334
XGBoost,All Features,True,93,0.8666666666666667,0.9583333333333333
XGBoost,All Features,True,94,0.8,0.9128787878787878
XGBoost,All Features,True,95,0.8666666666666667,0.9583333333333333
XGBoost,All Features,True,96,0.5333333333333333,0.7665875790875791
XGBoost,All Features,True,97,0.6666666666666666,0.928409090909091
XGBoost,All Features,True,98,0.7333333333333333,0.8895833333333334
XGBoost,All Features,True,99,0.6666666666666666,0.6853708791208791
XGBoost,No MMSE,False,0,0.5333333333333333,0.4834467120181406
XGBoost,No MMSE,False,1,0.6666666666666666,0.7980769230769229
XGBoost,No MMSE,False,2,0.6,0.7447916666666666
XGBoost,No MMSE,False,3,0.5333333333333333,0.6249209124209124
XGBoost,No MMSE,False,4,0.6,0.6649267399267399
XGBoost,No MMSE,False,5,0.6666666666666666,0.666220238095238
XGBoost,No MMSE,False,6,0.7333333333333333,0.7415875790875791
XGBoost,No MMSE,False,7,0.4,0.46746031746031746
XGBoost,No MMSE,False,8,0.6666666666666666,0.8443452380952381
XGBoost,No MMSE,False,9,0.6666666666666666,0.8415674603174603
XGBoost,No MMSE,False,10,0.6666666666666666,0.7227367870225012
XGBoost,No MMSE,False,11,0.7333333333333333,0.9004329004329004
XGBoost,No MMSE,False,12,0.5333333333333333,0.5165140415140415
XGBoost,No MMSE,False,13,0.7333333333333333,0.8334686147186148
XGBoost,No MMSE,False,14,0.6,0.8819826007326008
XGBoost,No MMSE,False,15,0.6,0.6557921245421247
XGBoost,No MMSE,False,16,0.5333333333333333,0.8819826007326008
XGBoost,No MMSE,False,17,0.5333333333333333,0.49536435786435784
XGBoost,No MMSE,False,18,0.4,0.5444978632478632
XGBoost,No MMSE,False,19,0.6,0.7875811688311688
XGBoost,No MMSE,False,20,0.4666666666666667,0.6928262213976499
XGBoost,No MMSE,False,21,0.4,0.4485871271585558
XGBoost,No MMSE,False,22,0.6666666666666666,0.7120535714285714
XGBoost,No MMSE,False,23,0.7333333333333333,0.6266369047619048
XGBoost,No MMSE,False,24,0.7333333333333333,0.8751984126984127
XGBoost,No MMSE,False,25,0.5333333333333333,0.8003787878787879
XGBoost,No MMSE,False,26,0.4666666666666667,0.6332875457875458
XGBoost,No MMSE,False,27,0.6666666666666666,0.928409090909091
XGBoost,No MMSE,False,28,0.6,0.8166666666666667
XGBoost,No MMSE,False,29,0.4666666666666667,0.5318181818181817
XGBoost,No MMSE,False,30,0.8,0.8523809523809522
XGBoost,No MMSE,False,31,0.6666666666666666,0.6702380952380951
XGBoost,No MMSE,False,32,0.6,0.7523809523809524
XGBoost,No MMSE,False,33,0.4666666666666667,0.7209595959595959
XGBoost,No MMSE,False,34,0.8666666666666667,0.8227678571428573
XGBoost,No MMSE,False,35,0.5333333333333333,0.7000000000000001
XGBoost,No MMSE,False,36,0.4666666666666667,0.5270104895104895
XGBoost,No MMSE,False,37,0.5333333333333333,0.5616799866799866
XGBoost,No MMSE,False,38,0.3333333333333333,0.5857909451659451
XGBoost,No MMSE,False,39,0.6,0.8152597402597402
XGBoost,No MMSE,False,40,0.6,0.6059523809523809
XGBoost,No MMSE,False,41,0.8,0.7857142857142858
XGBoost,No MMSE,False,42,0.5333333333333333,0.7132215007215007
XGBoost,No MMSE,False,43,0.6,0.7403048340548339
XGBoost,No MMSE,False,44,0.6,0.801271645021645
XGBoost,No MMSE,False,45,0.6666666666666666,0.592194264069264
XGBoost,No MMSE,False,46,0.6,0.8060897435897436
XGBoost,No MMSE,False,47,0.8,0.8831168831168832
XGBoost,No MMSE,False,48,0.4666666666666667,0.6507215007215007
XGBoost,No MMSE,False,49,0.5333333333333333,0.6574862637362638
XGBoost,No MMSE,False,50,0.7333333333333333,0.7916666666666665
XGBoost,No MMSE,False,51,0.6666666666666666,0.6326007326007326
XGBoost,No MMSE,False,52,0.8,0.8951388888888889
XGBoost,No MMSE,False,53,0.5333333333333333,0.8462121212121212
XGBoost,No MMSE,False,54,0.5333333333333333,0.7207656926406926
XGBoost,No MMSE,False,55,0.6,0.6537660256410257
XGBoost,No MMSE,False,56,0.4666666666666667,0.6834595959595959
XGBoost,No MMSE,False,57,0.6,0.7225018037518037
XGBoost,No MMSE,False,58,0.6,0.6163690476190476
XGBoost,No MMSE,False,59,0.4666666666666667,0.5563492063492064
XGBoost,No MMSE,False,60,0.6666666666666666,0.6066326530612245
XGBoost,No MMSE,False,61,0.7333333333333333,0.8983516483516483
XGBoost,No MMSE,False,62,0.4,0.6069978632478632
XGBoost,No MMSE,False,63,0.5333333333333333,0.7347537878787878
XGBoost,No MMSE,False,64,0.6,0.6856112637362637
XGBoost,No MMSE,False,65,0.4666666666666667,0.6974213286713287
XGBoost,No MMSE,False,66,0.6666666666666666,0.8235930735930737
XGBoost,No MMSE,False,67,0.6,0.6552083333333334
XGBoost,No MMSE,False,68,0.6,0.7559523809523809
XGBoost,No MMSE,False,69,0.7333333333333333,0.6753336940836941
XGBoost,No MMSE,False,70,0.5333333333333333,0.604112554112554
XGBoost,No MMSE,False,71,0.6666666666666666,0.7833333333333332
XGBoost,No MMSE,False,72,0.5333333333333333,0.7612980769230769
XGBoost,No MMSE,False,73,0.8,0.9308035714285714
XGBoost,No MMSE,False,74,0.4666666666666667,0.6681818181818182
XGBoost,No MMSE,False,75,0.6,0.687202380952381
XGBoost,No MMSE,False,76,0.4,0.45716991341991337
XGBoost,No MMSE,False,77,0.6,0.7351190476190477
XGBoost,No MMSE,False,78,0.6666666666666666,0.6006944444444444
XGBoost,No MMSE,False,79,0.6,0.666587579087579
XGBoost,No MMSE,False,80,0.6,0.7077398791684506
XGBoost,No MMSE,False,81,0.6666666666666666,0.7761131725417438
XGBoost,No MMSE,False,82,0.6,0.673989898989899
XGBoost,No MMSE,False,83,0.4666666666666667,0.5325396825396824
XGBoost,No MMSE,False,84,0.6,0.678228021978022
XGBoost,No MMSE,False,85,0.6666666666666666,0.7058035714285714
XGBoost,No MMSE,False,86,0.4666666666666667,0.6311771561771562
XGBoost,No MMSE,False,87,0.7333333333333333,0.9362980769230769
XGBoost,No MMSE,False,88,0.7333333333333333,0.8136769480519481
XGBoost,No MMSE,False,89,0.6,0.6845935314685314
XGBoost,No MMSE,False,90,0.7333333333333333,0.609065934065934
XGBoost,No MMSE,False,91,0.5333333333333333,0.6908686551543695
XGBoost,No MMSE,False,92,0.6,0.691220238095238
XGBoost,No MMSE,False,93,0.8,0.9186507936507937
XGBoost,No MMSE,False,94,0.6,0.8235930735930737
XGBoost,No MMSE,False,95,0.7333333333333333,0.8729166666666667
XGBoost,No MMSE,False,96,0.6666666666666666,0.7162087912087913
XGBoost,No MMSE,False,97,0.4666666666666667,0.5444715007215006
XGBoost,No MMSE,False,98,0.5333333333333333,0.6457875457875457
XGBoost,No MMSE,False,99,0.6,0.7495993589743589
XGBoost,MRI Only,False,0,0.6,0.6056388056388056
XGBoost,MRI Only,False,1,0.6666666666666666,0.8714285714285714
XGBoost,MRI Only,False,2,0.6,0.6516369047619047
XGBoost,MRI Only,False,3,0.4666666666666667,0.7016369047619048
XGBoost,MRI Only,False,4,0.5333333333333333,0.466765873015873
XGBoost,MRI Only,False,5,0.5333333333333333,0.6208333333333333
XGBoost,MRI Only,False,6,0.4666666666666667,0.6151109307359307
XGBoost,MRI Only,False,7,0.4666666666666667,0.4918387168387168
XGBoost,MRI Only,False,8,0.7333333333333333,0.719418081918082
XGBoost,MRI Only,False,9,0.5333333333333333,0.719426406926407
XGBoost,MRI Only,False,10,0.7333333333333333,0.8228200371057512
XGBoost,MRI Only,False,11,0.6,0.781035631035631
XGBoost,MRI Only,False,12,0.4666666666666667,0.5109848484848485
XGBoost,MRI Only,False,13,0.6666666666666666,0.6946293290043289
XGBoost,MRI Only,False,14,0.4,0.5908008658008658
XGBoost,MRI Only,False,15,0.7333333333333333,0.7074786324786324
XGBoost,MRI Only,False,16,0.6666666666666666,0.9129464285714286
XGBoost,MRI Only,False,17,0.5333333333333333,0.5308764152514153
XGBoost,MRI Only,False,18,0.4,0.4632402319902319
XGBoost,MRI Only,False,19,0.5333333333333333,0.6720508658008658
XGBoost,MRI Only,False,20,0.4666666666666667,0.5357753357753358
XGBoost,MRI Only,False,21,0.4,0.438796917368346
XGBoost,MRI Only,False,22,0.4,0.575
XGBoost,MRI Only,False,23,0.6666666666666666,0.6770833333333334
XGBoost,MRI Only,False,24,0.7333333333333333,0.7805555555555556
XGBoost,MRI Only,False,25,0.6,0.8040064102564103
XGBoost,MRI Only,False,26,0.4,0.4943986568986569
XGBoost,MRI Only,False,27,0.7333333333333333,0.8821428571428571
XGBoost,MRI Only,False,28,0.6,0.7357954545454546
XGBoost,MRI Only,False,29,0.5333333333333333,0.598439060939061
XGBoost,MRI Only,False,30,0.6666666666666666,0.613095238095238
XGBoost,MRI Only,False,31,0.4666666666666667,0.6388278388278388
XGBoost,MRI Only,False,32,0.4666666666666667,0.5651175213675214
XGBoost,MRI Only,False,33,0.5333333333333333,0.7683531746031745
XGBoost,MRI Only,False,34,0.8666666666666667,1.0
XGBoost,MRI Only,False,35,0.6,0.6898018648018648
XGBoost,MRI Only,False,36,0.4666666666666667,0.5431818181818182
XGBoost,MRI Only,False,37,0.4666666666666667,0.6069180819180819
XGBoost,MRI Only,False,38,0.4,0.5338945776445776
XGBoost,MRI Only,False,39,0.6,0.730952380952381
XGBoost,MRI Only,False,40,0.6,0.7663265306122449
XGBoost,MRI Only,False,41,0.6666666666666666,0.5640331890331891
XGBoost,MRI Only,False,42,0.5333333333333333,0.5418612637362636
XGBoost,MRI Only,False,43,0.5333333333333333,0.5947916666666666
XGBoost,MRI Only,False,44,0.6,0.711298076923077
XGBoost,MRI Only,False,45,0.6,0.6624209124209125
XGBoost,MRI Only,False,46,0.4666666666666667,0.6227834665334666
XGBoost,MRI Only,False,47,0.6,0.8086309523809524
XGBoost,MRI Only,False,48,0.5333333333333333,0.5194902319902319
XGBoost,MRI Only,False,49,0.6,0.8123397435897436
XGBoost,MRI Only,False,50,0.7333333333333333,0.8631519274376416
XGBoost,MRI Only,False,51,0.6666666666666666,0.5817159031444745
XGBoost,MRI Only,False,52,0.6,0.7993371212121212
XGBoost,MRI Only,False,53,0.5333333333333333,0.6432810245310245
XGBoost,MRI Only,False,54,0.6,0.7854978354978355
XGBoost,MRI Only,False,55,0.6,0.5495851370851371
XGBoost,MRI Only,False,56,0.5333333333333333,0.6511363636363636
XGBoost,MRI Only,False,57,0.6,0.6232007575757575
XGBoost,MRI Only,False,58,0.5333333333333333,0.5458333333333334
XGBoost,MRI Only,False,59,0.5333333333333333,0.6614125457875457
XGBoost,MRI Only,False,60,0.6666666666666666,0.657365253793825
XGBoost,MRI Only,False,61,0.7333333333333333,0.6337257980115123
XGBoost,MRI Only,False,62,0.2,0.43167249417249415
XGBoost,MRI Only,False,63,0.5333333333333333,0.6172889610389609
XGBoost,MRI Only,False,64,0.6,0.7929029304029305
XGBoost,MRI Only,False,65,0.8666666666666667,0.8674107142857143
XGBoost,MRI Only,False,66,0.6,0.8819826007326008
XGBoost,MRI Only,False,67,0.4,0.572470238095238
XGBoost,MRI Only,False,68,0.5333333333333333,0.5906406093906094
XGBoost,MRI Only,False,69,0.6,0.7820436507936509
XGBoost,MRI Only,False,70,0.4666666666666667,0.4937031222745509
XGBoost,MRI Only,False,71,0.5333333333333333,0.8095238095238093
XGBoost,MRI Only,False,72,0.4666666666666667,0.7187770562770562
XGBoost,MRI Only,False,73,0.8,0.763888888888889
XGBoost,MRI Only,False,74,0.3333333333333333,0.6091540404040404
XGBoost,MRI Only,False,75,0.5333333333333333,0.49514652014652016
XGBoost,MRI Only,False,76,0.5333333333333333,0.4846688034188034
XGBoost,MRI Only,False,77,0.6,0.6891826923076924
XGBoost,MRI Only,False,78,0.5333333333333333,0.6108173076923077
XGBoost,MRI Only,False,79,0.4666666666666667,0.6632898351648351
XGBoost,MRI Only,False,80,0.6666666666666666,0.6051948051948052
XGBoost,MRI Only,False,81,0.6,0.7064625850340136
XGBoost,MRI Only,False,82,0.4666666666666667,0.6531565656565657
XGBoost,MRI Only,False,83,0.4666666666666667,0.6409188034188034
XGBoost,MRI Only,False,84,0.5333333333333333,0.6038877788877788
XGBoost,MRI Only,False,85,0.5333333333333333,0.6850198412698412
XGBoost,MRI Only,False,86,0.4,0.5896561771561772
XGBoost,MRI Only,False,87,0.6666666666666666,0.8549603174603175
XGBoost,MRI Only,False,88,0.5333333333333333,0.8170454545454545
XGBoost,MRI Only,False,89,0.4666666666666667,0.5784188034188034
XGBoost,MRI Only,False,90,0.6,0.5207792207792208
XGBoost,MRI Only,False,91,0.5333333333333333,0.5268398268398269
XGBoost,MRI Only,False,92,0.6,0.6694264069264069
XGBoost,MRI Only,False,93,0.7333333333333333,0.7564685314685315
XGBoost,MRI Only,False,94,0.6,0.7435335497835498
XGBoost,MRI Only,False,95,0.6666666666666666,0.678125
XGBoost,MRI Only,False,96,0.6666666666666666,0.7207656926406926
XGBoost,MRI Only,False,97,0.5333333333333333,0.6268044455544456
XGBoost,MRI Only,False,98,0.4666666666666667,0.5431818181818182
XGBoost,MRI Only,False,99,0.6666666666666666,0.74375
XGBoost,Demographics Only,False,0,0.4,0.4832722832722832
XGBoost,Demographics Only,False,1,0.5333333333333333,0.7053030303030303
XGBoost,Demographics Only,False,2,0.6666666666666666,0.6726887695637696
XGBoost,Demographics Only,False,3,0.6666666666666666,0.6039502164502164
XGBoost,Demographics Only,False,4,0.7333333333333333,0.7854166666666667
XGBoost,Demographics Only,False,5,0.8666666666666667,0.8385912698412699
XGBoost,Demographics Only,False,6,0.7333333333333333,0.8477678571428572
XGBoost,Demographics Only,False,7,0.3333333333333333,0.4618783993783994
XGBoost,Demographics Only,False,8,0.6666666666666666,0.7970508658008658
XGBoost,Demographics Only,False,9,0.6,0.7478375790875791
XGBoost,Demographics Only,False,10,0.6666666666666666,0.5416143380429095
XGBoost,Demographics Only,False,11,0.6666666666666666,0.8520408163265305
XGBoost,Demographics Only,False,12,0.4,0.5123473748473748
XGBoost,Demographics Only,False,13,0.8,0.8266865079365079
XGBoost,Demographics Only,False,14,0.7333333333333333,0.6572916666666666
XGBoost,Demographics Only,False,15,0.6666666666666666,0.6675796425796426
XGBoost,Demographics Only,False,16,0.6,0.7039682539682539
XGBoost,Demographics Only,False,17,0.5333333333333333,0.4923881673881674
XGBoost,Demographics Only,False,18,0.5333333333333333,0.5531565656565656
XGBoost,Demographics Only,False,19,0.7333333333333333,0.8356150793650794
XGBoost,Demographics Only,False,20,0.6,0.6635531135531134
XGBoost,Demographics Only,False,21,0.7333333333333333,0.6083333333333333
XGBoost,Demographics Only,False,22,0.7333333333333333,0.7938311688311688
XGBoost,Demographics Only,False,23,0.5333333333333333,0.5255612443112443
XGBoost,Demographics Only,False,24,0.7333333333333333,0.8826388888888889
XGBoost,Demographics Only,False,25,0.4666666666666667,0.5425751332001332
XGBoost,Demographics Only,False,26,0.5333333333333333,0.604087579087579
XGBoost,Demographics Only,False,27,0.8,0.8751984126984127
XGBoost,Demographics Only,False,28,0.5333333333333333,0.6022095959595959
XGBoost,Demographics Only,False,29,0.5333333333333333,0.5263625263625265
XGBoost,Demographics Only,False,30,0.6,0.7590136054421768
XGBoost,Demographics Only,False,31,0.7333333333333333,0.547108843537415
XGBoost,Demographics Only,False,32,0.6,0.58125
XGBoost,Demographics Only,False,33,0.5333333333333333,0.6256410256410256
XGBoost,Demographics Only,False,34,0.7333333333333333,0.6677579365079365
XGBoost,Demographics Only,False,35,0.5333333333333333,0.588095238095238
XGBoost,Demographics Only,False,36,0.4666666666666667,0.5619047619047619
XGBoost,Demographics Only,False,37,0.6,0.8443452380952381
XGBoost,Demographics Only,False,38,0.6666666666666666,0.7971882284382285
XGBoost,Demographics Only,False,39,0.6666666666666666,0.623444264069264
XGBoost,Demographics Only,False,40,0.6,0.5086167800453514
XGBoost,Demographics Only,False,41,0.8,0.7253968253968254
XGBoost,Demographics Only,False,42,0.5333333333333333,0.5639766483516483
XGBoost,Demographics Only,False,43,0.4,0.6499736374736376
XGBoost,Demographics Only,False,44,0.6,0.5602834665334666
XGBoost,Demographics Only,False,45,0.6,0.5743371212121211
XGBoost,Demographics Only,False,46,0.6666666666666666,0.7577380952380953
XGBoost,Demographics Only,False,47,0.7333333333333333,0.8318910256410257
XGBoost,Demographics Only,False,48,0.6666666666666666,0.6446886446886447
XGBoost,Demographics Only,False,49,0.7333333333333333,0.6753434065934065
XGBoost,Demographics Only,False,50,0.5333333333333333,0.4739229024943311
XGBoost,Demographics Only,False,51,0.4666666666666667,0.5214896214896214
XGBoost,Demographics Only,False,52,0.8,0.6336670274170274
XGBoost,Demographics Only,False,53,0.6666666666666666,0.6453869047619047
XGBoost,Demographics Only,False,54,0.7333333333333333,0.7697781385281385
XGBoost,Demographics Only,False,55,0.5333333333333333,0.6554563492063492
XGBoost,Demographics Only,False,56,0.8,0.758379120879121
XGBoost,Demographics Only,False,57,0.6,0.6453754578754579
XGBoost,Demographics Only,False,58,0.7333333333333333,0.6476190476190476
XGBoost,Demographics Only,False,59,0.6,0.6338609307359306
XGBoost,Demographics Only,False,60,0.5333333333333333,0.5320037105751392
XGBoost,Demographics Only,False,61,0.7333333333333333,0.7324175824175825
XGBoost,Demographics Only,False,62,0.6666666666666666,0.6935252247752248
XGBoost,Demographics Only,False,63,0.8,0.7996909340659342
XGBoost,Demographics Only,False,64,0.5333333333333333,0.5707993395493396
XGBoost,Demographics Only,False,65,0.4666666666666667,0.5673534798534798
XGBoost,Demographics Only,False,66,0.5333333333333333,0.5781520562770562
XGBoost,Demographics Only,False,67,0.8,0.8951388888888889
XGBoost,Demographics Only,False,68,0.6666666666666666,0.7832542457542457
XGBoost,Demographics Only,False,69,0.7333333333333333,0.6302579365079365
XGBoost,Demographics Only,False,70,0.4666666666666667,0.5225667189952904
XGBoost,Demographics Only,False,71,0.6666666666666666,0.6349567099567099
XGBoost,Demographics Only,False,72,0.5333333333333333,0.6668612637362638
XGBoost,Demographics Only,False,73,0.6,0.8155143467643468
XGBoost,Demographics Only,False,74,0.8,0.7698613886113886
XGBoost,Demographics Only,False,75,0.6666666666666666,0.7593749999999999
XGBoost,Demographics Only,False,76,0.4,0.4639617327117327
XGBoost,Demographics Only,False,77,0.5333333333333333,0.6018554362304362
XGBoost,Demographics Only,False,78,0.6666666666666666,0.5579326923076923
XGBoost,Demographics Only,False,79,0.6666666666666666,0.7205357142857143
XGBoost,Demographics Only,False,80,0.4,0.6720255934541648
XGBoost,Demographics Only,False,81,0.7333333333333333,0.7029066171923315
XGBoost,Demographics Only,False,82,0.8,0.832521645021645
XGBoost,Demographics Only,False,83,0.26666666666666666,0.4083371489621489
XGBoost,Demographics Only,False,84,0.6666666666666666,0.6020042457542457
XGBoost,Demographics Only,False,85,0.6666666666666666,0.6323232323232323
XGBoost,Demographics Only,False,86,0.6666666666666666,0.7295100732600732
XGBoost,Demographics Only,False,87,0.7333333333333333,0.7371909340659342
XGBoost,Demographics Only,False,88,0.7333333333333333,0.7604166666666667
XGBoost,Demographics Only,False,89,0.7333333333333333,0.6979166666666667
XGBoost,Demographics Only,False,90,0.8,0.7523809523809524
XGBoost,Demographics Only,False,91,0.6666666666666666,0.7180581323438466
XGBoost,Demographics Only,False,92,0.6,0.5919642857142857
XGBoost,Demographics Only,False,93,0.6,0.5630275974025972
XGBoost,Demographics Only,False,94,0.6666666666666666,0.7870421245421246
XGBoost,Demographics Only,False,95,0.8,0.7314484126984128
XGBoost,Demographics Only,False,96,0.4666666666666667,0.5215929903429903
XGBoost,Demographics Only,False,97,0.6,0.5749323593073593
XGBoost,Demographics Only,False,98,0.6,0.7576704545454545
XGBoost,Demographics Only,False,99,0.7333333333333333,0.7235576923076924
LightGBM,All Features,True,0,0.6666666666666666,0.7877551020408162
LightGBM,All Features,True,1,0.8,0.9285714285714284
LightGBM,All Features,True,2,0.8666666666666667,0.7436011904761906
LightGBM,All Features,True,3,0.8,0.959375
LightGBM,All Features,True,4,0.7333333333333333,0.9381313131313131
LightGBM,All Features,True,5,0.5333333333333333,0.8009129759129759
LightGBM,All Features,True,6,0.4666666666666667,0.650820707070707
LightGBM,All Features,True,7,0.6666666666666666,0.9416666666666667
LightGBM,All Features,True,8,0.8,0.8574862637362637
LightGBM,All Features,True,9,0.7333333333333333,0.838474025974026
LightGBM,All Features,True,10,0.8,0.8064935064935064
LightGBM,All Features,True,11,1.0,0.9999999999999998
LightGBM,All Features,True,12,0.6,0.7200101981351982
LightGBM,All Features,True,13,0.7333333333333333,0.8943452380952381
LightGBM,All Features,True,14,0.8,0.9138888888888889
LightGBM,All Features,True,15,0.7333333333333333,0.7577380952380953
LightGBM,All Features,True,16,0.7333333333333333,0.8441287878787879
LightGBM,All Features,True,17,0.7333333333333333,0.8672619047619048
LightGBM,All Features,True,18,0.6666666666666666,0.7958333333333334
LightGBM,All Features,True,19,0.7333333333333333,0.8488906926406926
LightGBM,All Features,True,20,0.8666666666666667,0.9285714285714284
LightGBM,All Features,True,21,0.6666666666666666,0.7933150183150182
LightGBM,All Features,True,22,0.6666666666666666,0.8791666666666667
LightGBM,All Features,True,23,0.8666666666666667,0.8553436147186148
LightGBM,All Features,True,24,0.6666666666666666,0.8895833333333334
LightGBM,All Features,True,25,0.6,0.7616768648018648
LightGBM,All Features,True,26,0.6,0.8001945970695971
LightGBM,All Features,True,27,0.7333333333333333,0.8526785714285714
LightGBM,All Features,True,28,0.6,0.8423076923076923
LightGBM,All Features,True,29,0.6666666666666666,0.897159090909091
LightGBM,All Features,True,30,0.6666666666666666,0.8273809523809523
LightGBM,All Features,True,31,0.8,0.9238095238095236
LightGBM,All Features,True,32,0.5333333333333333,0.6737065018315018
LightGBM,All Features,True,33,0.7333333333333333,0.8863095238095238
LightGBM,All Features,True,34,0.7333333333333333,0.8826388888888889
LightGBM,All Features,True,35,0.7333333333333333,0.8895833333333334
LightGBM,All Features,True,36,0.7333333333333333,0.6666666666666667
LightGBM,All Features,True,37,0.8666666666666667,0.975
LightGBM,All Features,True,38,0.6,0.816693722943723
LightGBM,All Features,True,39,0.6666666666666666,0.9144230769230769
LightGBM,All Features,True,40,0.6666666666666666,0.6472789115646258
LightGBM,All Features,True,41,0.7333333333333333,0.9571428571428571
LightGBM,All Features,True,42,0.6,0.9128787878787878
LightGBM,All Features,True,43,0.7333333333333333,0.9260416666666667
LightGBM,All Features,True,44,0.7333333333333333,0.869724025974026
LightGBM,All Features,True,45,0.8,1.0
LightGBM,All Features,True,46,0.6,0.6724587912087913
LightGBM,All Features,True,47,0.5333333333333333,0.7771645021645022
LightGBM,All Features,True,48,0.6666666666666666,0.8273809523809523
LightGBM,All Features,True,49,0.5333333333333333,0.7500270562770562
LightGBM,All Features,True,50,0.8,0.9238095238095236
LightGBM,All Features,True,51,0.6666666666666666,0.6960927960927961
LightGBM,All Features,True,52,0.8,0.7713789682539683
LightGBM,All Features,True,53,0.5333333333333333,0.7781114718614719
LightGBM,All Features,True,54,0.8666666666666667,0.975
LightGBM,All Features,True,55,0.8,0.9472222222222222
LightGBM,All Features,True,56,0.6666666666666666,0.8214743589743589
LightGBM,All Features,True,57,0.7333333333333333,0.9089285714285714
LightGBM,All Features,True,58,0.7333333333333333,0.6648809523809524
LightGBM,All Features,True,59,0.6,0.7962037962037962
LightGBM,All Features,True,60,0.8666666666666667,0.9238095238095236
LightGBM,All Features,True,61,0.6666666666666666,0.8053030303030302
LightGBM,All Features,True,62,0.7333333333333333,0.7958333333333334
LightGBM,All Features,True,63,0.7333333333333333,0.8702380952380953
LightGBM,All Features,True,64,0.9333333333333333,0.9861111111111112
LightGBM,All Features,True,65,0.6666666666666666,0.7153159340659341
LightGBM,All Features,True,66,0.6,0.8509740259740259
LightGBM,All Features,True,67,0.6666666666666666,0.8459145021645021
LightGBM,All Features,True,68,0.8,0.8831168831168832
LightGBM,All Features,True,69,0.6666666666666666,0.7819715007215007
LightGBM,All Features,True,70,0.6666666666666666,0.7897186147186146
LightGBM,All Features,True,71,0.8,0.8523809523809522
LightGBM,All Features,True,72,0.7333333333333333,0.6952380952380953
LightGBM,All Features,True,73,0.8,0.9129464285714286
LightGBM,All Features,True,74,0.8666666666666667,0.9583333333333333
LightGBM,All Features,True,75,0.8,0.9464285714285714
LightGBM,All Features,True,76,0.5333333333333333,0.8152597402597402
LightGBM,All Features,True,77,0.8666666666666667,0.900974025974026
LightGBM,All Features,True,78,0.5333333333333333,0.6677083333333333
LightGBM,All Features,True,79,0.6666666666666666,0.7217261904761906
LightGBM,All Features,True,80,0.7333333333333333,0.8917233560090703
LightGBM,All Features,True,81,0.6,0.7397435897435898
LightGBM,All Features,True,82,0.7333333333333333,0.8581730769230769
LightGBM,All Features,True,83,0.6666666666666666,0.8574862637362637
LightGBM,All Features,True,84,0.7333333333333333,0.8292478354978354
LightGBM,All Features,True,85,0.6666666666666666,0.8221882284382285
LightGBM,All Features,True,86,0.6,0.7927083333333333
LightGBM,All Features,True,87,0.8666666666666667,0.975
LightGBM,All Features,True,88,0.6666666666666666,0.732224025974026
LightGBM,All Features,True,89,0.8666666666666667,0.9583333333333333
LightGBM,All Features,True,90,0.6666666666666666,0.8350649350649351
LightGBM,All Features,True,91,0.8666666666666667,0.8612768184196755
LightGBM,All Features,True,92,0.8,0.9041666666666667
LightGBM,All Features,True,93,0.8666666666666667,0.9502840909090909
LightGBM,All Features,True,94,0.7333333333333333,0.8327651515151515
LightGBM,All Features,True,95,0.6666666666666666,0.9144230769230769
LightGBM,All Features,True,96,0.6666666666666666,0.7024267399267399
LightGBM,All Features,True,97,0.7333333333333333,0.9186507936507937
LightGBM,All Features,True,98,0.8666666666666667,0.9260416666666667
LightGBM,All Features,True,99,0.6666666666666666,0.7186771561771562
LightGBM,No MMSE,False,0,0.5333333333333333,0.5135531135531135
LightGBM,No MMSE,False,1,0.7333333333333333,0.7874458874458874
LightGBM,No MMSE,False,2,0.6666666666666666,0.812202380952381
LightGBM,No MMSE,False,3,0.6,0.6832656926406926
LightGBM,No MMSE,False,4,0.7333333333333333,0.7607600732600732
LightGBM,No MMSE,False,5,0.6,0.7537518037518037
LightGBM,No MMSE,False,6,0.5333333333333333,0.6436823593073593
LightGBM,No MMSE,False,7,0.4666666666666667,0.6878434065934066
LightGBM,No MMSE,False,8,0.6,0.8998397435897436
LightGBM,No MMSE,False,9,0.4,0.6434711122211122
LightGBM,No MMSE,False,10,0.6666666666666666,0.6666143380429095
LightGBM,No MMSE,False,11,0.8,0.85578231292517
LightGBM,No MMSE,False,12,0.4,0.5063034188034188
LightGBM,No MMSE,False,13,0.5333333333333333,0.7560221028971029
LightGBM,No MMSE,False,14,0.6,0.7006764069264069
LightGBM,No MMSE,False,15,0.5333333333333333,0.6641369047619048
LightGBM,No MMSE,False,16,0.7333333333333333,0.7954365079365079
LightGBM,No MMSE,False,17,0.4666666666666667,0.49744769119769117
LightGBM,No MMSE,False,18,0.4666666666666667,0.46356351981351984
LightGBM,No MMSE,False,19,0.7333333333333333,0.7187770562770563
LightGBM,No MMSE,False,20,0.4,0.5220779220779221
LightGBM,No MMSE,False,21,0.5333333333333333,0.45895691609977324
LightGBM,No MMSE,False,22,0.7333333333333333,0.7168154761904761
LightGBM,No MMSE,False,23,0.6,0.6628434065934066
LightGBM,No MMSE,False,24,0.6,0.7540990259740259
LightGBM,No MMSE,False,25,0.5333333333333333,0.5998015873015873
LightGBM,No MMSE,False,26,0.2,0.5060741341991342
LightGBM,No MMSE,False,27,0.6,0.7887896825396825
LightGBM,No MMSE,False,28,0.6,0.7356112637362637
LightGBM,No MMSE,False,29,0.4,0.49883658008658005
LightGBM,No MMSE,False,30,0.4666666666666667,0.5054945054945054
LightGBM,No MMSE,False,31,0.7333333333333333,0.7710884353741496
LightGBM,No MMSE,False,32,0.6,0.7112980769230769
LightGBM,No MMSE,False,33,0.6666666666666666,0.7399537962037962
LightGBM,No MMSE,False,34,0.6,0.7663690476190477
LightGBM,No MMSE,False,35,0.6,0.6628434065934066
LightGBM,No MMSE,False,36,0.5333333333333333,0.7716006216006216
LightGBM,No MMSE,False,37,0.4,0.5637896825396825
LightGBM,No MMSE,False,38,0.4,0.5307230963480962
LightGBM,No MMSE,False,39,0.6,0.7006764069264069
LightGBM,No MMSE,False,40,0.6,0.5716509680795394
LightGBM,No MMSE,False,41,0.6,0.6834776334776334
LightGBM,No MMSE,False,42,0.6,0.7235930735930736
LightGBM,No MMSE,False,43,0.4666666666666667,0.5187770562770563
LightGBM,No MMSE,False,44,0.7333333333333333,0.8322916666666667
LightGBM,No MMSE,False,45,0.7333333333333333,0.6487959956709957
LightGBM,No MMSE,False,46,0.6666666666666666,0.719047619047619
LightGBM,No MMSE,False,47,0.4,0.5431818181818182
LightGBM,No MMSE,False,48,0.7333333333333333,0.799404761904762
LightGBM,No MMSE,False,49,0.4666666666666667,0.5770833333333333
LightGBM,No MMSE,False,50,0.7333333333333333,0.7829931972789115
LightGBM,No MMSE,False,51,0.6666666666666666,0.5570818070818071
LightGBM,No MMSE,False,52,0.5333333333333333,0.7709145021645022
LightGBM,No MMSE,False,53,0.6666666666666666,0.790625
LightGBM,No MMSE,False,54,0.6,0.7375811688311689
LightGBM,No MMSE,False,55,0.6,0.7559523809523809
LightGBM,No MMSE,False,56,0.4666666666666667,0.5707875457875458
LightGBM,No MMSE,False,57,0.5333333333333333,0.6582656926406927
LightGBM,No MMSE,False,58,0.5333333333333333,0.6460279304029304
LightGBM,No MMSE,False,59,0.3333333333333333,0.4374729437229437
LightGBM,No MMSE,False,60,0.5333333333333333,0.6511904761904761
LightGBM,No MMSE,False,61,0.6,0.7685374149659863
LightGBM,No MMSE,False,62,0.4,0.6108173076923077
LightGBM,No MMSE,False,63,0.6666666666666666,0.8628787878787878
LightGBM,No MMSE,False,64,0.6,0.6408435314685315
LightGBM,No MMSE,False,65,0.4666666666666667,0.6364898989898989
LightGBM,No MMSE,False,66,0.5333333333333333,0.6333603896103897
LightGBM,No MMSE,False,67,0.7333333333333333,0.6904761904761906
LightGBM,No MMSE,False,68,0.6,0.5714015151515152
LightGBM,No MMSE,False,69,0.6666666666666666,0.7616768648018648
LightGBM,No MMSE,False,70,0.6666666666666666,0.6511904761904761
LightGBM,No MMSE,False,71,0.5333333333333333,0.7691308691308691
LightGBM,No MMSE,False,72,0.6,0.6389204545454545
LightGBM,No MMSE,False,73,0.7333333333333333,0.7564685314685315
LightGBM,No MMSE,False,74,0.5333333333333333,0.6243589743589744
LightGBM,No MMSE,False,75,0.4666666666666667,0.7646561771561772
LightGBM,No MMSE,False,76,0.4,0.5311823593073592
LightGBM,No MMSE,False,77,0.5333333333333333,0.7498397435897437
LightGBM,No MMSE,False,78,0.6,0.7491529304029304
LightGBM,No MMSE,False,79,0.6,0.7926406926406926
LightGBM,No MMSE,False,80,0.4666666666666667,0.5302721088435374
LightGBM,No MMSE,False,81,0.4666666666666667,0.668964368964369
LightGBM,No MMSE,False,82,0.6,0.7896645021645021
LightGBM,No MMSE,False,83,0.4666666666666667,0.5750270562770563
LightGBM,No MMSE,False,84,0.7333333333333333,0.8574862637362637
LightGBM,No MMSE,False,85,0.4666666666666667,0.5160915473415473
LightGBM,No MMSE,False,86,0.3333333333333333,0.5305555555555556
LightGBM,No MMSE,False,87,0.8,0.7941964285714286
LightGBM,No MMSE,False,88,0.6666666666666666,0.7529647435897435
LightGBM,No MMSE,False,89,0.5333333333333333,0.6923611111111111
LightGBM,No MMSE,False,90,0.6,0.5185374149659863
LightGBM,No MMSE,False,91,0.7333333333333333,0.7279220779220779
LightGBM,No MMSE,False,92,0.6666666666666666,0.815625
LightGBM,No MMSE,False,93,0.8,0.8155143467643468
LightGBM,No MMSE,False,94,0.4666666666666667,0.7200396825396825
LightGBM,No MMSE,False,95,0.6666666666666666,0.7238553113553114
LightGBM,No MMSE,False,96,0.4,0.7091006216006216
LightGBM,No MMSE,False,97,0.5333333333333333,0.4764541014541015
LightGBM,No MMSE,False,98,0.5333333333333333,0.5658730158730159
LightGBM,No MMSE,False,99,0.4,0.6710279304029304
LightGBM,MRI Only,False,0,0.5333333333333333,0.47803545660688523
LightGBM,MRI Only,False,1,0.7333333333333333,0.8060701203558345
LightGBM,MRI Only,False,2,0.4666666666666667,0.6333603896103897
LightGBM,MRI Only,False,3,0.4,0.5742521367521367
LightGBM,MRI Only,False,4,0.5333333333333333,0.4927398989898989
LightGBM,MRI Only,False,5,0.6,0.7205357142857143
LightGBM,MRI Only,False,6,0.4666666666666667,0.6933764152514152
LightGBM,MRI Only,False,7,0.3333333333333333,0.5157925407925408
LightGBM,MRI Only,False,8,0.6666666666666666,0.8374999999999999
LightGBM,MRI Only,False,9,0.4666666666666667,0.5210279304029304
LightGBM,MRI Only,False,10,0.4666666666666667,0.4929705215419502
LightGBM,MRI Only,False,11,0.5333333333333333,0.6726190476190477
LightGBM,MRI Only,False,12,0.26666666666666666,0.5175820707070706
LightGBM,MRI Only,False,13,0.7333333333333333,0.6440340909090909
LightGBM,MRI Only,False,14,0.6666666666666666,0.6163690476190476
LightGBM,MRI Only,False,15,0.6,0.7608901515151515
LightGBM,MRI Only,False,16,0.6,0.7625811688311689
LightGBM,MRI Only,False,17,0.6,0.5998473748473748
LightGBM,MRI Only,False,18,0.4666666666666667,0.5483946608946608
LightGBM,MRI Only,False,19,0.4,0.5965277777777778
LightGBM,MRI Only,False,20,0.4666666666666667,0.43957431457431456
LightGBM,MRI Only,False,21,0.5333333333333333,0.526107226107226
LightGBM,MRI Only,False,22,0.3333333333333333,0.46995920745920744
LightGBM,MRI Only,False,23,0.6666666666666666,0.7088609307359306
LightGBM,MRI Only,False,24,0.6666666666666666,0.6860119047619048
LightGBM,MRI Only,False,25,0.8,0.6350198412698412
LightGBM,MRI Only,False,26,0.26666666666666666,0.5156437312687312
LightGBM,MRI Only,False,27,0.6666666666666666,0.9064685314685315
LightGBM,MRI Only,False,28,0.6,0.6457604895104896
LightGBM,MRI Only,False,29,0.5333333333333333,0.5119318181818182
LightGBM,MRI Only,False,30,0.5333333333333333,0.5103483817769532
LightGBM,MRI Only,False,31,0.5333333333333333,0.5335299621013907
LightGBM,MRI Only,False,32,0.5333333333333333,0.5846882284382284
LightGBM,MRI Only,False,33,0.6,0.7291666666666667
LightGBM,MRI Only,False,34,0.6,0.8416666666666667
LightGBM,MRI Only,False,35,0.8,0.7371909340659342
LightGBM,MRI Only,False,36,0.4666666666666667,0.6265151515151515
LightGBM,MRI Only,False,37,0.4,0.6202380952380953
LightGBM,MRI Only,False,38,0.3333333333333333,0.4247061965811966
LightGBM,MRI Only,False,39,0.6666666666666666,0.8018127705627706
LightGBM,MRI Only,False,40,0.4666666666666667,0.5713762428048141
LightGBM,MRI Only,False,41,0.3333333333333333,0.40229770229770234
LightGBM,MRI Only,False,42,0.6,0.6308764152514152
LightGBM,MRI Only,False,43,0.4,0.5207875457875457
LightGBM,MRI Only,False,44,0.6,0.711298076923077
LightGBM,MRI Only,False,45,0.6666666666666666,0.7125811688311688
LightGBM,MRI Only,False,46,0.4,0.504483016983017
LightGBM,MRI Only,False,47,0.5333333333333333,0.5361111111111111
LightGBM,MRI Only,False,48,0.6,0.5439716533466533
LightGBM,MRI Only,False,49,0.6,0.7279963092463093
LightGBM,MRI Only,False,50,0.6666666666666666,0.6159863945578231
LightGBM,MRI Only,False,51,0.6,0.6300976800976801
LightGBM,MRI Only,False,52,0.4666666666666667,0.5212759462759462
LightGBM,MRI Only,False,53,0.6,0.6433035714285714
LightGBM,MRI Only,False,54,0.5333333333333333,0.6506944444444445
LightGBM,MRI Only,False,55,0.4,0.5143315018315018
LightGBM,MRI Only,False,56,0.4666666666666667,0.6350430819180819
LightGBM,MRI Only,False,57,0.4666666666666667,0.5764766483516482
LightGBM,MRI Only,False,58,0.4666666666666667,0.5578643578643578
LightGBM,MRI Only,False,59,0.4666666666666667,0.6277777777777778
LightGBM,MRI Only,False,60,0.5333333333333333,0.7279220779220779
LightGBM,MRI Only,False,61,0.6,0.5776643990929705
LightGBM,MRI Only,False,62,0.2,0.4249188311688311
LightGBM,MRI Only,False,63,0.4666666666666667,0.6743326118326118
LightGBM,MRI Only,False,64,0.8,0.8571810134310134
LightGBM,MRI Only,False,65,0.8,0.7602678571428572
LightGBM,MRI Only,False,66,0.5333333333333333,0.7854978354978355
LightGBM,MRI Only,False,67,0.26666666666666666,0.5145156926406926
LightGBM,MRI Only,False,68,0.3333333333333333,0.5616258741258742
LightGBM,MRI Only,False,69,0.6,0.7476190476190476
LightGBM,MRI Only,False,70,0.5333333333333333,0.7793650793650793
LightGBM,MRI Only,False,71,0.4666666666666667,0.5081109366823653
LightGBM,MRI Only,False,72,0.4666666666666667,0.5931818181818181
LightGBM,MRI Only,False,73,0.6666666666666666,0.6915064102564104
LightGBM,MRI Only,False,74,0.5333333333333333,0.5638548951048952
LightGBM,MRI Only,False,75,0.4,0.46365578865578866
LightGBM,MRI Only,False,76,0.4666666666666667,0.5007672882672882
LightGBM,MRI Only,False,77,0.5333333333333333,0.6302398989898991
LightGBM,MRI Only,False,78,0.6,0.7517857142857143
LightGBM,MRI Only,False,79,0.5333333333333333,0.504265873015873
LightGBM,MRI Only,False,80,0.6,0.618964368964369
LightGBM,MRI Only,False,81,0.7333333333333333,0.6234693877551021
LightGBM,MRI Only,False,82,0.4,0.5541132478632478
LightGBM,MRI Only,False,83,0.5333333333333333,0.6886145104895105
LightGBM,MRI Only,False,84,0.4666666666666667,0.6762362637362637
LightGBM,MRI Only,False,85,0.6,0.6155219780219781
LightGBM,MRI Only,False,86,0.4,0.608180708180708
LightGBM,MRI Only,False,87,0.6666666666666666,0.7819264069264069
LightGBM,MRI Only,False,88,0.4666666666666667,0.4619776057276057
LightGBM,MRI Only,False,89,0.4666666666666667,0.549599358974359
LightGBM,MRI Only,False,90,0.6666666666666666,0.6234693877551021
LightGBM,MRI Only,False,91,0.6,0.4547095761381476
LightGBM,MRI Only,False,92,0.6,0.6071886446886448
LightGBM,MRI Only,False,93,0.6666666666666666,0.7423430735930736
LightGBM,MRI Only,False,94,0.6666666666666666,0.8671130952380953
LightGBM,MRI Only,False,95,0.6666666666666666,0.663176406926407
LightGBM,MRI Only,False,96,0.6,0.5569444444444445
LightGBM,MRI Only,False,97,0.4666666666666667,0.7646561771561772
LightGBM,MRI Only,False,98,0.3333333333333333,0.44471882284382286
LightGBM,MRI Only,False,99,0.5333333333333333,0.7577266483516484
LightGBM,Demographics Only,False,0,0.5333333333333333,0.48325008325008323
LightGBM,Demographics Only,False,1,0.6666666666666666,0.7037724180581324
LightGBM,Demographics Only,False,2,0.6666666666666666,0.7697781385281385
LightGBM,Demographics Only,False,3,0.6,0.6554563492063492
LightGBM,Demographics Only,False,4,0.5333333333333333,0.6660037878787879
LightGBM,Demographics Only,False,5,0.6666666666666666,0.7593614718614718
LightGBM,Demographics Only,False,6,0.6,0.6270156926406927
LightGBM,Demographics Only,False,7,0.4666666666666667,0.5505275974025974
LightGBM,Demographics Only,False,8,0.5333333333333333,0.6927239427239428
LightGBM,Demographics Only,False,9,0.4666666666666667,0.5394501332001332
LightGBM,Demographics Only,False,10,0.6,0.5280612244897958
LightGBM,Demographics Only,False,11,0.7333333333333333,0.8083900226757368
LightGBM,Demographics Only,False,12,0.3333333333333333,0.44138777888777886
LightGBM,Demographics Only,False,13,0.6,0.6999323593073593
LightGBM,Demographics Only,False,14,0.6666666666666666,0.681845238095238
LightGBM,Demographics Only,False,15,0.5333333333333333,0.5781565656565656
LightGBM,Demographics Only,False,16,0.8,0.829204822954823
LightGBM,Demographics Only,False,17,0.4666666666666667,0.49536435786435784
LightGBM,Demographics Only,False,18,0.4666666666666667,0.6521561771561772
LightGBM,Demographics Only,False,19,0.5333333333333333,0.8052579365079364
LightGBM,Demographics Only,False,20,0.5333333333333333,0.6233124018838305
LightGBM,Demographics Only,False,21,0.5333333333333333,0.45249433106575965
LightGBM,Demographics Only,False,22,0.5333333333333333,0.8152597402597402
LightGBM,Demographics Only,False,23,0.6666666666666666,0.7588609307359306
LightGBM,Demographics Only,False,24,0.5333333333333333,0.7538690476190476
LightGBM,Demographics Only,False,25,0.4666666666666667,0.5735847485847486
LightGBM,Demographics Only,False,26,0.6,0.6104895104895105
LightGBM,Demographics Only,False,27,0.7333333333333333,0.7098214285714286
LightGBM,Demographics Only,False,28,0.4666666666666667,0.4832722832722833
LightGBM,Demographics Only,False,29,0.6666666666666666,0.7019230769230769
LightGBM,Demographics Only,False,30,0.4,0.5118437118437118
LightGBM,Demographics Only,False,31,0.6666666666666666,0.5877551020408163
LightGBM,Demographics Only,False,32,0.5333333333333333,0.760254329004329
LightGBM,Demographics Only,False,33,0.6,0.6421401515151515
LightGBM,Demographics Only,False,34,0.6,0.7288690476190477
LightGBM,Demographics Only,False,35,0.4666666666666667,0.5380275974025973
LightGBM,Demographics Only,False,36,0.4,0.599125874125874
LightGBM,Demographics Only,False,37,0.6666666666666666,0.6433035714285714
LightGBM,Demographics Only,False,38,0.6666666666666666,0.8459145021645021
LightGBM,Demographics Only,False,39,0.6,0.7126488095238095
LightGBM,Demographics Only,False,40,0.6666666666666666,0.6591836734693877
LightGBM,Demographics Only,False,41,0.8,0.8167499167499166
LightGBM,Demographics Only,False,42,0.5333333333333333,0.6626488095238096
LightGBM,Demographics Only,False,43,0.4666666666666667,0.5412472943722944
LightGBM,Demographics Only,False,44,0.4,0.59508547008547
LightGBM,Demographics Only,False,45,0.5333333333333333,0.716220238095238
LightGBM,Demographics Only,False,46,0.6,0.8058035714285714
LightGBM,Demographics Only,False,47,0.6,0.5975160256410256
LightGBM,Demographics Only,False,48,0.6,0.7665875790875791
LightGBM,Demographics Only,False,49,0.5333333333333333,0.5715014152514153
LightGBM,Demographics Only,False,50,0.3333333333333333,0.4763038548752835
LightGBM,Demographics Only,False,51,0.5333333333333333,0.46746031746031746
LightGBM,Demographics Only,False,52,0.8666666666666667,0.9206845238095238
LightGBM,Demographics Only,False,53,0.6,0.6267857142857143
LightGBM,Demographics Only,False,54,0.5333333333333333,0.630239898989899
LightGBM,Demographics Only,False,55,0.5333333333333333,0.7367521367521368
LightGBM,Demographics Only,False,56,0.4666666666666667,0.6675796425796426
LightGBM,Demographics Only,False,57,0.5333333333333333,0.6131944444444444
LightGBM,Demographics Only,False,58,0.8,0.7732503607503608
LightGBM,Demographics Only,False,59,0.6666666666666666,0.8042478354978355
LightGBM,Demographics Only,False,60,0.5333333333333333,0.45589133089133094
LightGBM,Demographics Only,False,61,0.6,0.7209183673469388
LightGBM,Demographics Only,False,62,0.5333333333333333,0.7418612637362637
LightGBM,Demographics Only,False,63,0.8,0.7885912698412698
LightGBM,Demographics Only,False,64,0.6,0.5993371212121212
LightGBM,Demographics Only,False,65,0.4,0.5784188034188034
LightGBM,Demographics Only,False,66,0.4666666666666667,0.5257215007215007
LightGBM,Demographics Only,False,67,0.6666666666666666,0.7383970196470196
LightGBM,Demographics Only,False,68,0.5333333333333333,0.650879329004329
LightGBM,Demographics Only,False,69,0.5333333333333333,0.6412518037518038
LightGBM,Demographics Only,False,70,0.6666666666666666,0.7325757575757574
LightGBM,Demographics Only,False,71,0.6666666666666666,0.6012265512265512
LightGBM,Demographics Only,False,72,0.5333333333333333,0.7850430819180819
LightGBM,Demographics Only,False,73,0.6,0.7972222222222223
LightGBM,Demographics Only,False,74,0.6,0.7003434065934067
LightGBM,Demographics Only,False,75,0.6666666666666666,0.8717261904761905
LightGBM,Demographics Only,False,76,0.4666666666666667,0.5160915473415473
LightGBM,Demographics Only,False,77,0.4666666666666667,0.48832070707070707
LightGBM,Demographics Only,False,78,0.4,0.5215277777777778
LightGBM,Demographics Only,False,79,0.6,0.7224587912087913
LightGBM,Demographics Only,False,80,0.3333333333333333,0.410727367870225
LightGBM,Demographics Only,False,81,0.6,0.6230519480519481
LightGBM,Demographics Only,False,82,0.7333333333333333,0.8179383116883117
LightGBM,Demographics Only,False,83,0.4,0.5811965811965811
LightGBM,Demographics Only,False,84,0.4666666666666667,0.6707656926406926
LightGBM,Demographics Only,False,85,0.6666666666666666,0.643522102897103
LightGBM,Demographics Only,False,86,0.4666666666666667,0.6262362637362637
LightGBM,Demographics Only,False,87,0.7333333333333333,0.7795003607503608
LightGBM,Demographics Only,False,88,0.6666666666666666,0.8729166666666667
LightGBM,Demographics Only,False,89,0.6,0.7982503607503608
LightGBM,Demographics Only,False,90,0.6666666666666666,0.5406204906204906
LightGBM,Demographics Only,False,91,0.6666666666666666,0.7647186147186147
LightGBM,Demographics Only,False,92,0.5333333333333333,0.6054563492063492
LightGBM,Demographics Only,False,93,0.5333333333333333,0.6531565656565657
LightGBM,Demographics Only,False,94,0.6,0.5412472943722944
LightGBM,Demographics Only,False,95,0.7333333333333333,0.9129464285714286
LightGBM,Demographics Only,False,96,0.5333333333333333,0.5579184704184704
LightGBM,Demographics Only,False,97,0.6,0.7514204545454545
LightGBM,Demographics Only,False,98,0.5333333333333333,0.6614583333333333
LightGBM,Demographics Only,False,99,0.4,0.4905032467532468
CatBoost,All Features,True,0,0.7333333333333333,0.7825757575757575
CatBoost,All Features,True,1,0.9333333333333333,0.9340659340659339
CatBoost,All Features,True,2,0.8,0.7820436507936509
CatBoost,All Features,True,3,0.8,0.932426948051948
CatBoost,All Features,True,4,0.8666666666666667,0.9381313131313131
CatBoost,All Features,True,5,0.6666666666666666,0.8292478354978354
CatBoost,All Features,True,6,0.6666666666666666,0.8322916666666667
CatBoost,All Features,True,7,0.8666666666666667,0.9416666666666667
CatBoost,All Features,True,8,0.8,0.8527243589743589
CatBoost,All Features,True,9,0.8,0.9415178571428571
CatBoost,All Features,True,10,0.7333333333333333,0.8428571428571427
CatBoost,All Features,True,11,0.8666666666666667,0.9480519480519478
CatBoost,All Features,True,12,0.5333333333333333,0.7711465617715618
CatBoost,All Features,True,13,0.9333333333333333,0.9861111111111112
CatBoost,All Features,True,14,0.8,0.9186507936507937
CatBoost,All Features,True,15,0.6666666666666666,0.7133814102564103
CatBoost,All Features,True,16,0.7333333333333333,0.8029647435897436
CatBoost,All Features,True,17,0.8,0.8729166666666667
CatBoost,All Features,True,18,0.7333333333333333,0.8581730769230769
CatBoost,All Features,True,19,0.7333333333333333,0.8720619658119658
CatBoost,All Features,True,20,0.9333333333333333,0.9404761904761902
CatBoost,All Features,True,21,0.6666666666666666,0.7707482993197279
CatBoost,All Features,True,22,0.8666666666666667,0.9381313131313131
CatBoost,All Features,True,23,0.8,0.7941964285714286
CatBoost,All Features,True,24,0.8,0.8581730769230769
CatBoost,All Features,True,25,0.6666666666666666,0.7896645021645021
CatBoost,All Features,True,26,0.6666666666666666,0.8439685314685315
CatBoost,All Features,True,27,0.8666666666666667,0.9064685314685315
CatBoost,All Features,True,28,0.6666666666666666,0.8188311688311689
CatBoost,All Features,True,29,0.7333333333333333,0.8791666666666667
CatBoost,All Features,True,30,0.8,0.8769230769230769
CatBoost,All Features,True,31,0.8666666666666667,0.9340659340659339
CatBoost,All Features,True,32,0.5333333333333333,0.6992063492063492
CatBoost,All Features,True,33,0.8,0.8712121212121212
CatBoost,All Features,True,34,0.8,0.8628787878787878
CatBoost,All Features,True,35,0.8,0.9472222222222222
CatBoost,All Features,True,36,0.6666666666666666,0.6266826923076924
CatBoost,All Features,True,37,1.0,1.0
CatBoost,All Features,True,38,0.8,0.8630952380952381
CatBoost,All Features,True,39,0.8,0.8752185314685315
CatBoost,All Features,True,40,0.6666666666666666,0.6443310657596373
CatBoost,All Features,True,41,0.8,0.9340659340659339
CatBoost,All Features,True,42,0.8,0.9427083333333333
CatBoost,All Features,True,43,0.8666666666666667,0.9464285714285714
CatBoost,All Features,True,44,0.8666666666666667,0.9144230769230769
CatBoost,All Features,True,45,0.9333333333333333,1.0
CatBoost,All Features,True,46,0.6,0.7589285714285715
CatBoost,All Features,True,47,0.6666666666666666,0.865909090909091
CatBoost,All Features,True,48,0.7333333333333333,0.8469246031746032
CatBoost,All Features,True,49,0.7333333333333333,0.8819826007326008
CatBoost,All Features,True,50,0.8666666666666667,0.9200680272108843
CatBoost,All Features,True,51,0.6666666666666666,0.7755411255411255
CatBoost,All Features,True,52,0.8666666666666667,0.9040178571428572
CatBoost,All Features,True,53,0.6,0.8222222222222222
CatBoost,All Features,True,54,0.8666666666666667,0.9427083333333333
CatBoost,All Features,True,55,1.0,1.0
CatBoost,All Features,True,56,0.8,0.8479166666666667
CatBoost,All Features,True,57,0.8666666666666667,0.9089285714285714
CatBoost,All Features,True,58,0.5333333333333333,0.7323412698412698
CatBoost,All Features,True,59,0.5333333333333333,0.773611111111111
CatBoost,All Features,True,60,0.8666666666666667,0.9285714285714284
CatBoost,All Features,True,61,0.7333333333333333,0.8102564102564103
CatBoost,All Features,True,62,0.7333333333333333,0.7784188034188034
CatBoost,All Features,True,63,0.7333333333333333,0.8962121212121212
CatBoost,All Features,True,64,0.9333333333333333,0.975
CatBoost,All Features,True,65,0.7333333333333333,0.7217261904761906
CatBoost,All Features,True,66,0.8,0.9186507936507937
CatBoost,All Features,True,67,0.8666666666666667,0.928409090909091
CatBoost,All Features,True,68,0.8666666666666667,0.900974025974026
CatBoost,All Features,True,69,0.7333333333333333,0.8322916666666667
CatBoost,All Features,True,70,0.7333333333333333,0.7804945054945054
CatBoost,All Features,True,71,0.9333333333333333,0.9285714285714284
CatBoost,All Features,True,72,0.7333333333333333,0.8045454545454546
CatBoost,All Features,True,73,0.8666666666666667,0.9305555555555556
CatBoost,All Features,True,74,0.8666666666666667,1.0
CatBoost,All Features,True,75,0.9333333333333333,0.9861111111111112
CatBoost,All Features,True,76,0.6666666666666666,0.838474025974026
CatBoost,All Features,True,77,0.8,0.8791666666666667
CatBoost,All Features,True,78,0.5333333333333333,0.6488553113553114
CatBoost,All Features,True,79,0.7333333333333333,0.7511769480519481
CatBoost,All Features,True,80,0.8666666666666667,0.9367346938775509
CatBoost,All Features,True,81,0.6666666666666666,0.7392857142857143
CatBoost,All Features,True,82,0.8666666666666667,0.9305555555555556
CatBoost,All Features,True,83,0.8,0.8452838827838828
CatBoost,All Features,True,84,0.6666666666666666,0.8292478354978354
CatBoost,All Features,True,85,0.6666666666666666,0.8831730769230769
CatBoost,All Features,True,86,0.7333333333333333,0.794284188034188
CatBoost,All Features,True,87,0.8666666666666667,0.9472222222222222
CatBoost,All Features,True,88,0.6666666666666666,0.8103174603174603
CatBoost,All Features,True,89,0.9333333333333333,0.9583333333333333
CatBoost,All Features,True,90,0.6666666666666666,0.7888888888888888
CatBoost,All Features,True,91,0.6666666666666666,0.81156462585034
CatBoost,All Features,True,92,0.8,0.9186507936507937
CatBoost,All Features,True,93,0.9333333333333333,1.0
CatBoost,All Features,True,94,0.8,0.8943452380952381
CatBoost,All Features,True,95,0.8666666666666667,0.9502840909090909
CatBoost,All Features,True,96,0.6,0.7577380952380953
CatBoost,All Features,True,97,0.8666666666666667,0.9583333333333333
CatBoost,All Features,True,98,0.8666666666666667,0.9064685314685315
CatBoost,All Features,True,99,0.6666666666666666,0.7543612637362637
CatBoost,No MMSE,False,0,0.6666666666666666,0.5576839826839827
CatBoost,No MMSE,False,1,0.7333333333333333,0.8218210361067504
CatBoost,No MMSE,False,2,0.6666666666666666,0.7392857142857143
CatBoost,No MMSE,False,3,0.6,0.8090097402597403
CatBoost,No MMSE,False,4,0.6,0.7503434065934066
CatBoost,No MMSE,False,5,0.5333333333333333,0.7585279304029304
CatBoost,No MMSE,False,6,0.6666666666666666,0.6767857142857143
CatBoost,No MMSE,False,7,0.4,0.58883547008547
CatBoost,No MMSE,False,8,0.6666666666666666,0.8092261904761905
CatBoost,No MMSE,False,9,0.8,0.8764880952380952
CatBoost,No MMSE,False,10,0.6,0.6803030303030302
CatBoost,No MMSE,False,11,0.7333333333333333,0.8715213358070499
CatBoost,No MMSE,False,12,0.5333333333333333,0.5770222832722832
CatBoost,No MMSE,False,13,0.6666666666666666,0.8623397435897435
CatBoost,No MMSE,False,14,0.5333333333333333,0.7632326007326008
CatBoost,No MMSE,False,15,0.6,0.7874323593073592
CatBoost,No MMSE,False,16,0.6,0.7632326007326008
CatBoost,No MMSE,False,17,0.4666666666666667,0.5361381673881673
CatBoost,No MMSE,False,18,0.3333333333333333,0.4713480963480963
CatBoost,No MMSE,False,19,0.5333333333333333,0.8158119658119658
CatBoost,No MMSE,False,20,0.6666666666666666,0.7325757575757574
CatBoost,No MMSE,False,21,0.4,0.45566893424036276
CatBoost,No MMSE,False,22,0.6666666666666666,0.7505275974025973
CatBoost,No MMSE,False,23,0.6,0.7271645021645021
CatBoost,No MMSE,False,24,0.7333333333333333,0.7787698412698412
CatBoost,No MMSE,False,25,0.6,0.6757898351648352
CatBoost,No MMSE,False,26,0.4666666666666667,0.6032467532467533
CatBoost,No MMSE,False,27,0.6666666666666666,0.8110847485847485
CatBoost,No MMSE,False,28,0.7333333333333333,0.7976190476190477
CatBoost,No MMSE,False,29,0.4,0.5785984848484849
CatBoost,No MMSE,False,30,0.5333333333333333,0.6626984126984126
CatBoost,No MMSE,False,31,0.7333333333333333,0.6163265306122447
CatBoost,No MMSE,False,32,0.8,0.7643668831168832
CatBoost,No MMSE,False,33,0.6,0.8273809523809523
CatBoost,No MMSE,False,34,0.6666666666666666,0.8240079365079365
CatBoost,No MMSE,False,35,0.7333333333333333,0.6766254578754579
CatBoost,No MMSE,False,36,0.4666666666666667,0.5832604895104896
CatBoost,No MMSE,False,37,0.4,0.5378163503163502
CatBoost,No MMSE,False,38,0.4,0.6546092796092796
CatBoost,No MMSE,False,39,0.6,0.7663690476190477
CatBoost,No MMSE,False,40,0.4666666666666667,0.6113945578231292
CatBoost,No MMSE,False,41,0.6,0.6755411255411254
CatBoost,No MMSE,False,42,0.6666666666666666,0.7665875790875791
CatBoost,No MMSE,False,43,0.5333333333333333,0.7106112637362637
CatBoost,No MMSE,False,44,0.6,0.7901785714285714
CatBoost,No MMSE,False,45,0.7333333333333333,0.603720238095238
CatBoost,No MMSE,False,46,0.6,0.7941964285714286
CatBoost,No MMSE,False,47,0.5333333333333333,0.6968749999999999
CatBoost,No MMSE,False,48,0.4666666666666667,0.717739898989899
CatBoost,No MMSE,False,49,0.5333333333333333,0.650668081918082
CatBoost,No MMSE,False,50,0.7333333333333333,0.66156462585034
CatBoost,No MMSE,False,51,0.7333333333333333,0.6449812092669235
CatBoost,No MMSE,False,52,0.7333333333333333,0.8918650793650793
CatBoost,No MMSE,False,53,0.5333333333333333,0.7553841991341992
CatBoost,No MMSE,False,54,0.6,0.7808035714285714
CatBoost,No MMSE,False,55,0.7333333333333333,0.8202838827838828
CatBoost,No MMSE,False,56,0.6,0.591220238095238
CatBoost,No MMSE,False,57,0.3333333333333333,0.6733946608946608
CatBoost,No MMSE,False,58,0.6666666666666666,0.6433035714285714
CatBoost,No MMSE,False,59,0.4666666666666667,0.589060939060939
CatBoost,No MMSE,False,60,0.6666666666666666,0.6988095238095238
CatBoost,No MMSE,False,61,0.7333333333333333,0.8453213453213453
CatBoost,No MMSE,False,62,0.3333333333333333,0.45560897435897435
CatBoost,No MMSE,False,63,0.7333333333333333,0.8649621212121212
CatBoost,No MMSE,False,64,0.6666666666666666,0.6853375790875791
CatBoost,No MMSE,False,65,0.5333333333333333,0.7607142857142857
CatBoost,No MMSE,False,66,0.6,0.7732600732600733
CatBoost,No MMSE,False,67,0.6666666666666666,0.7269345238095238
CatBoost,No MMSE,False,68,0.5333333333333333,0.6628132284382284
CatBoost,No MMSE,False,69,0.7333333333333333,0.7719246031746031
CatBoost,No MMSE,False,70,0.6666666666666666,0.635204081632653
CatBoost,No MMSE,False,71,0.6,0.8120490620490619
CatBoost,No MMSE,False,72,0.6666666666666666,0.7752976190476191
CatBoost,No MMSE,False,73,0.7333333333333333,0.8928952991452992
CatBoost,No MMSE,False,74,0.4666666666666667,0.6736839549339549
CatBoost,No MMSE,False,75,0.6666666666666666,0.7813228438228438
CatBoost,No MMSE,False,76,0.4,0.5410599816849817
CatBoost,No MMSE,False,77,0.6,0.7283195970695971
CatBoost,No MMSE,False,78,0.6666666666666666,0.6449862637362638
CatBoost,No MMSE,False,79,0.6,0.7705357142857143
CatBoost,No MMSE,False,80,0.5333333333333333,0.5349816849816851
CatBoost,No MMSE,False,81,0.6,0.6142333856619571
CatBoost,No MMSE,False,82,0.6666666666666666,0.7542478354978355
CatBoost,No MMSE,False,83,0.5333333333333333,0.5668612637362637
CatBoost,No MMSE,False,84,0.6666666666666666,0.7140151515151516
CatBoost,No MMSE,False,85,0.7333333333333333,0.728720238095238
CatBoost,No MMSE,False,86,0.4666666666666667,0.5207875457875457
CatBoost,No MMSE,False,87,0.7333333333333333,0.8318452380952381
CatBoost,No MMSE,False,88,0.6666666666666666,0.7387362637362638
CatBoost,No MMSE,False,89,0.5333333333333333,0.687694597069597
CatBoost,No MMSE,False,90,0.7333333333333333,0.6020408163265305
CatBoost,No MMSE,False,91,0.6,0.716409780695495
CatBoost,No MMSE,False,92,0.6666666666666666,0.6614583333333333
CatBoost,No MMSE,False,93,0.7333333333333333,0.9064685314685315
CatBoost,No MMSE,False,94,0.4,0.6867715617715617
CatBoost,No MMSE,False,95,0.6,0.8895833333333334
CatBoost,No MMSE,False,96,0.6,0.667194264069264
CatBoost,No MMSE,False,97,0.4666666666666667,0.6412518037518038
CatBoost,No MMSE,False,98,0.4666666666666667,0.5505681818181818
CatBoost,No MMSE,False,99,0.4666666666666667,0.7123473748473748
CatBoost,MRI Only,False,0,0.4666666666666667,0.4605751391465677
CatBoost,MRI Only,False,1,0.6,0.7059523809523809
CatBoost,MRI Only,False,2,0.5333333333333333,0.6290140415140415
CatBoost,MRI Only,False,3,0.6,0.6779647435897436
CatBoost,MRI Only,False,4,0.5333333333333333,0.5563988095238095
CatBoost,MRI Only,False,5,0.5333333333333333,0.633459595959596
CatBoost,MRI Only,False,6,0.6666666666666666,0.7319264069264069
CatBoost,MRI Only,False,7,0.4666666666666667,0.5360306360306359
CatBoost,MRI Only,False,8,0.6666666666666666,0.8017857142857143
CatBoost,MRI Only,False,9,0.4666666666666667,0.5519501332001333
CatBoost,MRI Only,False,10,0.5333333333333333,0.5276643990929705
CatBoost,MRI Only,False,11,0.7333333333333333,0.7359366823652538
CatBoost,MRI Only,False,12,0.4666666666666667,0.539041514041514
CatBoost,MRI Only,False,13,0.6,0.6895156926406926
CatBoost,MRI Only,False,14,0.4,0.628125
CatBoost,MRI Only,False,15,0.6666666666666666,0.7455357142857143
CatBoost,MRI Only,False,16,0.6666666666666666,0.8103174603174603
CatBoost,MRI Only,False,17,0.3333333333333333,0.5171814296814297
CatBoost,MRI Only,False,18,0.4,0.5077041014541015
CatBoost,MRI Only,False,19,0.4,0.6126262626262626
CatBoost,MRI Only,False,20,0.5333333333333333,0.5025252525252526
CatBoost,MRI Only,False,21,0.4,0.49350649350649345
CatBoost,MRI Only,False,22,0.4,0.5035984848484848
CatBoost,MRI Only,False,23,0.6666666666666666,0.865909090909091
CatBoost,MRI Only,False,24,0.7333333333333333,0.6917478354978355
CatBoost,MRI Only,False,25,0.7333333333333333,0.7778159340659341
CatBoost,MRI Only,False,26,0.4,0.6575396825396825
CatBoost,MRI Only,False,27,0.7333333333333333,0.8441287878787879
CatBoost,MRI Only,False,28,0.5333333333333333,0.6568181818181817
CatBoost,MRI Only,False,29,0.4666666666666667,0.5055826118326119
CatBoost,MRI Only,False,30,0.6,0.6035714285714284
CatBoost,MRI Only,False,31,0.5333333333333333,0.485910914482343
CatBoost,MRI Only,False,32,0.4666666666666667,0.5997023809523809
CatBoost,MRI Only,False,33,0.5333333333333333,0.7273809523809524
CatBoost,MRI Only,False,34,0.8,0.8048992673992674
CatBoost,MRI Only,False,35,0.7333333333333333,0.7698613886113886
CatBoost,MRI Only,False,36,0.4,0.5827651515151515
CatBoost,MRI Only,False,37,0.4666666666666667,0.6069444444444444
CatBoost,MRI Only,False,38,0.4666666666666667,0.6069104506604506
CatBoost,MRI Only,False,39,0.5333333333333333,0.7697916666666667
CatBoost,MRI Only,False,40,0.6,0.7988455988455987
CatBoost,MRI Only,False,41,0.5333333333333333,0.41303418803418807
CatBoost,MRI Only,False,42,0.4666666666666667,0.6689303751803752
CatBoost,MRI Only,False,43,0.4666666666666667,0.5373473748473748
CatBoost,MRI Only,False,44,0.5333333333333333,0.7510572760572761
CatBoost,MRI Only,False,45,0.6666666666666666,0.7438311688311688
CatBoost,MRI Only,False,46,0.4666666666666667,0.5995806277056277
CatBoost,MRI Only,False,47,0.6,0.5588068181818182
CatBoost,MRI Only,False,48,0.6,0.5382898351648351
CatBoost,MRI Only,False,49,0.5333333333333333,0.7709145021645022
CatBoost,MRI Only,False,50,0.6666666666666666,0.8239022881880023
CatBoost,MRI Only,False,51,0.4666666666666667,0.5335299621013906
CatBoost,MRI Only,False,52,0.6,0.5573187229437229
CatBoost,MRI Only,False,53,0.4666666666666667,0.6923611111111111
CatBoost,MRI Only,False,54,0.5333333333333333,0.634970238095238
CatBoost,MRI Only,False,55,0.6,0.7281565656565656
CatBoost,MRI Only,False,56,0.5333333333333333,0.6094020562770563
CatBoost,MRI Only,False,57,0.6,0.6495851370851371
CatBoost,MRI Only,False,58,0.4,0.5832604895104896
CatBoost,MRI Only,False,59,0.5333333333333333,0.711111111111111
CatBoost,MRI Only,False,60,0.4666666666666667,0.7316017316017316
CatBoost,MRI Only,False,61,0.6666666666666666,0.5399659863945578
CatBoost,MRI Only,False,62,0.2,0.4260635198135198
CatBoost,MRI Only,False,63,0.6,0.5956085581085581
CatBoost,MRI Only,False,64,0.7333333333333333,0.8513257575757576
CatBoost,MRI Only,False,65,0.6,0.8093614718614719
CatBoost,MRI Only,False,66,0.6,0.8226190476190476
CatBoost,MRI Only,False,67,0.3333333333333333,0.5075396825396825
CatBoost,MRI Only,False,68,0.4,0.53258547008547
CatBoost,MRI Only,False,69,0.6,0.7607142857142857
CatBoost,MRI Only,False,70,0.4666666666666667,0.5915275200989487
CatBoost,MRI Only,False,71,0.4666666666666667,0.6023809523809524
CatBoost,MRI Only,False,72,0.4666666666666667,0.5285374347874348
CatBoost,MRI Only,False,73,0.6666666666666666,0.7851190476190476
CatBoost,MRI Only,False,74,0.4,0.6125270562770562
CatBoost,MRI Only,False,75,0.5333333333333333,0.504483016983017
CatBoost,MRI Only,False,76,0.5333333333333333,0.5317279942279942
CatBoost,MRI Only,False,77,0.5333333333333333,0.6162202380952382
CatBoost,MRI Only,False,78,0.4,0.5874999999999999
CatBoost,MRI Only,False,79,0.4,0.7012362637362637
CatBoost,MRI Only,False,80,0.7333333333333333,0.7718210361067503
CatBoost,MRI Only,False,81,0.7333333333333333,0.6346415489272632
CatBoost,MRI Only,False,82,0.3333333333333333,0.6131944444444444
CatBoost,MRI Only,False,83,0.4666666666666667,0.6923881673881673
CatBoost,MRI Only,False,84,0.5333333333333333,0.6852640415140415
CatBoost,MRI Only,False,85,0.6,0.6249209124209124
CatBoost,MRI Only,False,86,0.4,0.4562957875457875
CatBoost,MRI Only,False,87,0.6666666666666666,0.8509740259740259
CatBoost,MRI Only,False,88,0.5333333333333333,0.6465277777777777
CatBoost,MRI Only,False,89,0.4666666666666667,0.5568639693639693
CatBoost,MRI Only,False,90,0.4,0.44894867037724184
CatBoost,MRI Only,False,91,0.5333333333333333,0.6603174603174602
CatBoost,MRI Only,False,92,0.6,0.6426053113553114
CatBoost,MRI Only,False,93,0.6666666666666666,0.7328754578754578
CatBoost,MRI Only,False,94,0.6,0.7102640415140415
CatBoost,MRI Only,False,95,0.5333333333333333,0.5186167998667999
CatBoost,MRI Only,False,96,0.4,0.6834595959595959
CatBoost,MRI Only,False,97,0.4666666666666667,0.5896561771561772
CatBoost,MRI Only,False,98,0.3333333333333333,0.46177849927849923
CatBoost,MRI Only,False,99,0.6,0.6932921245421245
CatBoost,Demographics Only,False,0,0.4,0.508080808080808
CatBoost,Demographics Only,False,1,0.7333333333333333,0.6932496075353218
CatBoost,Demographics Only,False,2,0.6,0.728720238095238
CatBoost,Demographics Only,False,3,0.6,0.6582656926406927
CatBoost,Demographics Only,False,4,0.7333333333333333,0.8776785714285714
CatBoost,Demographics Only,False,5,0.8666666666666667,0.8106150793650795
CatBoost,Demographics Only,False,6,0.6666666666666666,0.7374209124209123
CatBoost,Demographics Only,False,7,0.4,0.46748737373737376
CatBoost,Demographics Only,False,8,0.4666666666666667,0.6826048951048952
CatBoost,Demographics Only,False,9,0.5333333333333333,0.5755275974025973
CatBoost,Demographics Only,False,10,0.6666666666666666,0.5423469387755102
CatBoost,Demographics Only,False,11,0.6666666666666666,0.8401360544217686
CatBoost,Demographics Only,False,12,0.6,0.49368894993894996
CatBoost,Demographics Only,False,13,0.6666666666666666,0.9241452991452992
CatBoost,Demographics Only,False,14,0.6666666666666666,0.67253996003996
CatBoost,Demographics Only,False,15,0.6,0.5384129759129759
CatBoost,Demographics Only,False,16,0.6,0.6848099816849818
CatBoost,Demographics Only,False,17,0.4,0.5738553113553113
CatBoost,Demographics Only,False,18,0.4666666666666667,0.5685221028971028
CatBoost,Demographics Only,False,19,0.7333333333333333,0.7441287878787879
CatBoost,Demographics Only,False,20,0.6666666666666666,0.6758503401360545
CatBoost,Demographics Only,False,21,0.5333333333333333,0.49841269841269836
CatBoost,Demographics Only,False,22,0.6,0.8720619658119658
CatBoost,Demographics Only,False,23,0.6666666666666666,0.5459821428571429
CatBoost,Demographics Only,False,24,0.6666666666666666,0.7392857142857143
CatBoost,Demographics Only,False,25,0.4,0.46628545066045063
CatBoost,Demographics Only,False,26,0.5333333333333333,0.5842463092463093
CatBoost,Demographics Only,False,27,0.7333333333333333,0.7375811688311689
CatBoost,Demographics Only,False,28,0.6,0.5957656926406927
CatBoost,Demographics Only,False,29,0.5333333333333333,0.5686965811965812
CatBoost,Demographics Only,False,30,0.7333333333333333,0.7852564102564101
CatBoost,Demographics Only,False,31,0.6666666666666666,0.5440785405071119
CatBoost,Demographics Only,False,32,0.5333333333333333,0.5964285714285713
CatBoost,Demographics Only,False,33,0.5333333333333333,0.6608901515151515
CatBoost,Demographics Only,False,34,0.6,0.7622023809523809
CatBoost,Demographics Only,False,35,0.6,0.5898809523809524
CatBoost,Demographics Only,False,36,0.4,0.5289457070707071
CatBoost,Demographics Only,False,37,0.6,0.7711309523809524
CatBoost,Demographics Only,False,38,0.6,0.8123397435897436
CatBoost,Demographics Only,False,39,0.6,0.7561709124209124
CatBoost,Demographics Only,False,40,0.5333333333333333,0.5280612244897959
CatBoost,Demographics Only,False,41,0.8666666666666667,0.8962585034013604
CatBoost,Demographics Only,False,42,0.6,0.5749323593073593
CatBoost,Demographics Only,False,43,0.5333333333333333,0.7231112637362637
CatBoost,Demographics Only,False,44,0.6,0.7124323593073593
CatBoost,Demographics Only,False,45,0.6,0.5948232323232323
CatBoost,Demographics Only,False,46,0.6,0.7947781385281385
CatBoost,Demographics Only,False,47,0.4,0.6040140415140415
CatBoost,Demographics Only,False,48,0.6,0.6582656926406926
CatBoost,Demographics Only,False,49,0.6666666666666666,0.5887362637362638
CatBoost,Demographics Only,False,50,0.6,0.46989359846502704
CatBoost,Demographics Only,False,51,0.4666666666666667,0.4998255712541427
CatBoost,Demographics Only,False,52,0.8,0.7072781385281385
CatBoost,Demographics Only,False,53,0.6,0.6959145021645021
CatBoost,Demographics Only,False,54,0.6666666666666666,0.6582656926406926
CatBoost,Demographics Only,False,55,0.6,0.7542478354978355
CatBoost,Demographics Only,False,56,0.6,0.7724587912087912
CatBoost,Demographics Only,False,57,0.5333333333333333,0.5963945776445776
CatBoost,Demographics Only,False,58,0.7333333333333333,0.6313988095238096
CatBoost,Demographics Only,False,59,0.6,0.742361111111111
CatBoost,Demographics Only,False,60,0.6,0.6533189033189033
CatBoost,Demographics Only,False,61,0.5333333333333333,0.7151102865388579
CatBoost,Demographics Only,False,62,0.4666666666666667,0.6736381673881674
CatBoost,Demographics Only,False,63,0.8,0.8552579365079365
CatBoost,Demographics Only,False,64,0.6,0.5560221028971029
CatBoost,Demographics Only,False,65,0.4666666666666667,0.5923076923076922
CatBoost,Demographics Only,False,66,0.6,0.5447916666666667
CatBoost,Demographics Only,False,67,0.8666666666666667,0.8416666666666667
CatBoost,Demographics Only,False,68,0.5333333333333333,0.6555871212121213
CatBoost,Demographics Only,False,69,0.6,0.7460518648018648
CatBoost,Demographics Only,False,70,0.5333333333333333,0.6143166357452072
CatBoost,Demographics Only,False,71,0.6666666666666666,0.7145081109366822
CatBoost,Demographics Only,False,72,0.4666666666666667,0.7101461038961039
CatBoost,Demographics Only,False,73,0.7333333333333333,0.9085317460317461
CatBoost,Demographics Only,False,74,0.7333333333333333,0.7395833333333334
CatBoost,Demographics Only,False,75,0.5333333333333333,0.7946428571428572
CatBoost,Demographics Only,False,76,0.3333333333333333,0.4642021173271173
CatBoost,Demographics Only,False,77,0.5333333333333333,0.5026445776445776
CatBoost,Demographics Only,False,78,0.6666666666666666,0.6125811688311689
CatBoost,Demographics Only,False,79,0.5333333333333333,0.6599587912087912
CatBoost,Demographics Only,False,80,0.4,0.4840266875981162
CatBoost,Demographics Only,False,81,0.6,0.6674912389198102
CatBoost,Demographics Only,False,82,0.8666666666666667,0.7436011904761906
CatBoost,Demographics Only,False,83,0.4,0.5360306360306359
CatBoost,Demographics Only,False,84,0.6666666666666666,0.614366883116883
CatBoost,Demographics Only,False,85,0.6666666666666666,0.6287518037518037
CatBoost,Demographics Only,False,86,0.5333333333333333,0.6506410256410257
CatBoost,Demographics Only,False,87,0.6666666666666666,0.7729978354978355
CatBoost,Demographics Only,False,88,0.7333333333333333,0.8635912698412698
CatBoost,Demographics Only,False,89,0.6,0.8522817460317461
CatBoost,Demographics Only,False,90,0.7333333333333333,0.6687074829931973
CatBoost,Demographics Only,False,91,0.6666666666666666,0.6665893630179345
CatBoost,Demographics Only,False,92,0.6,0.5881944444444445
CatBoost,Demographics Only,False,93,0.6,0.6057921245421245
CatBoost,Demographics Only,False,94,0.5333333333333333,0.7624660062160062
CatBoost,Demographics Only,False,95,0.7333333333333333,0.8826388888888889
CatBoost,Demographics Only,False,96,0.5333333333333333,0.4899010711510711
CatBoost,Demographics Only,False,97,0.6,0.8020833333333334
CatBoost,Demographics Only,False,98,0.4666666666666667,0.7620535714285714
CatBoost,Demographics Only,False,99,0.6666666666666666,0.5795100732600732
